id,index,content,proofed
24501,1,还来越啊很难越来越难越来越沙发文明文表啊,
24502,2,我说跟我说让我这个阿文姚文描,
24503,3,有点划,有点黄
24504,4,有点慌有点慌啊,有点黄啊？清楚不
24505,5,怎么样听不清楚问都买了文中啊,怎么样？有点模糊，等等啊，现在行了
24506,6,听不清楚文章,伦多清晰流畅，你
24507,7,文中清清楚温度,"文随**
有点黄啊？清楚不清楚，可"
24508,8,怎么样我们懂清楚吗,怎么样？有点模糊，等等
24509,9,大哥大哥,等等啊
24510,10,可不可以,可不可以
24511,11,模糊,模糊
24512,12,模糊,模糊
24513,13,Family,来来
24514,14,是在用抹布了,婶那就好了
24515,15,什么苦吗,婶那就
24516,16,绿色草根凤凰酒店,婶那就好了，你郭婶在那
24517,17,只有540只有540只有为40,以说啊，有意思啊！去郭婶那就
24518,18,多伦多清晰流畅,思啊！去郭婶那就好了，你郭
24519,19,你怎么样,来，怎么样
24520,20,有点猛获得吗,有点模糊，等等啊
24521,21,现在停了,现在行了
24522,22,现在行吗,现在行
24523,23,什么来着来了我这来了这怎么样,了？这样，我往这来来，怎么样
24524,24,中融,中？好
24525,25,南岳,那就
24526,26,好了好了好了好了我现在所以说,好了，你郭婶在那呢，我去傻呀，把我揍
24527,27,这孩子,婶在
24528,28,有意思有意思啊有意思,有意思啊！去郭
24529,29,请问什么就好了你过世了我去啥也不来了你想让我夫妻打架,了，你郭婶在那呢，我去傻呀，把我揍出来了，你想让我夫妻打架
24530,30,看着水饺子啊,看这水浇
24531,31,你说我脸上你想想你想想你想想啊,立军脸上，你想想，你想想，嗯？战
24532,32,有啊,友
24533,33,好,战
24534,34,今天是3月3号是星期的战友们好你们见识,今天是3月3号，尊敬的战友们好，你们健身
24535,35,你们网上喝水了吗一切都是刚刚开始,你们往身上泼水了吗？一切都是刚刚开始
24536,36,你现在看什么呀,你们健身了
24537,37,卖30秒啊,吗？一切都
24538,38,现在还没过来呢你弄啥子的吗,天是3月3号，尊敬的战友们好，你们健
24539,39,现在呀,始！哎呀
24540,40,现在行,钱太多，钱
24541,41,出汗出汗钱太多钱太多,出汗出汗，钱太多，钱太多
24542,42,老猪,老出
24543,43,可以了吧,可以了吧
24544,44,你看看吧谢谢,以了吧？谢谢
24545,45,亲爱的我现在我真咱就不聪明大陆了简单的说,亲爱的战友们好啊，咱就不长篇大论了，简单地说
24546,46,这个,战
24547,47,有占有啊给我发来的这个私人信息呀,有战友啊，给我发来私人信息啊
24548,48,我有了这个四个人要给你们回复的我不能因为你的回复因为我不能这个,我有四个人要给你们回复的，我不能一一给你回复，因为我不能给你们写这个
24549,49,跟你们写这个东西,给你们写这个东西
24550,50,我就不说了我说完以后就知道是谁的啊现在有了,我就不说了，我说完以后就知道是谁的，亲爱的战友
24551,51,特别是有占有的这个老战友啊,特别是有的老战友，在广东
24552,52,这个在广东给我写的东西,战友，在广东给我写来的东西
24553,53,说是,说是
24554,54,由于他们错了这个由于过去跟我有这个私人的,来的东西，说是，他们错啦，由于过去跟我有私人的
24555,55,WhatsApp语音他们拿着那个语音的在当地找了一些人找了一些人见了一个,"whatapp语音，他们拿著语音在当地找了一些人，


**06:00-12:"
24556,56,说代表人会,说是代表文贵
24557,57,大哥为了就挣钱,代表文贵呢
24558,58,最后在骗人家一个房地产开发商骗人家8000000块钱,最后骗了人家一个房地产开发商，骗了人家800万块钱
24559,59,800万,800万
24560,60,最后是人家报案了人家报案了,最后是人家报案了，人家报案了
24561,61,八以后现在家人背叛这个八年,报案了以后，家里人被判了8年，被
24562,62,说让我出面了写个东西说确实当时跟我有联系然后确实是我,说是让我出面写个东西，说是确实当时跟我有联系，然后是确
24563,63,我委托他了这样的话他行就可以免他找好人了大概的意思啊,我委托他了，这样他的刑就可以被免，他找好人了，大概是
24564,64,给我发了很多次了因为进来恶性,给我发来好多次了，也给我寄来好多信
24565,65,我想告诉这位占有的事情,我想告诉这位战友：你几
24566,66,你几次寄来的信我们律师全收到了,你几次寄来的信，我们律师全收到了
24567,67,你不是我们上有你是骗子,你不是我们的战友，你是骗子
24568,68,我们不给你文字回复的原因非常简单因为我们不能再给你机会骗,我们不给你文字回复的原因，非常简单，因为我们不能再给你机会骗
24569,69,而是你骗那个开发商人家给我也行不行,而且你骗的那个开发商人家给我也写过信
24570,70,人家是真心只是为了,人家是真心支持文
24571,71,人家是在那个,人家是在中
24572,72,中山,中山
24573,73,啊那个地方中山的边上的小开发商开发一些小小房子,在中山那个地方，边上小开发商，开发些小房子
24574,74,人家是真心真意的全家拿出来800万支持文贵爆料的,人家是真心真意的全家拿出800万支持文贵爆料的
24575,75,这是一年前我从来没有球过全部是各捐款,这是一年前我从来没要求过捐款，结果你
24576,76,结果你把那给骗了人家当然要告诉你,结果你把人家给骗了，人家当然要告
24577,77,现在就问你说你又找了法院找人了可以把这八年可以给放出来,现在结果你说你又找了法院，找了人了，可以把这8年给放出来。要
24578,78,又让我配合你做个假材料,要让我配合你做个假材料
24579,79,这位战友你这个脑子有问题的,这位战友你这个脑子是有问题的
24580,80,你也不是占有,你也不是战友
24581,81,你的太过分了太过分了,你这太过分了，太过分了
24582,82,不但不给你做,不但不给你做
24583,83,如果你再敢来要求的话我就会把你这封信我就会记得法院去,如果你再敢来要求的话，我就把你这封信寄给法院去。到此为
24584,84,到此为止你把钱还给你的,到此为止，而且你必须把钱还
24585,85,这个房子能开发上我们就有联系方式了,这个房地产开发商我们是有联系方式的
24586,86,如果你不把这钱还给他我可以告诉你,如果你不把钱还给他，我可以告诉你
24587,87,这个钱我们会把你说的东西,这个钱，我们会把你所有的东西
24588,88,我们会给法院写个证明,我们会给法院写个证明
24589,89,这个你不要太什么做了另外一个另外三个人其中一个来卖里有材料的,这个你不要再这么做了。另外一个，另外三个人，其中一个来卖李友材料的
24590,90,麦里有财报道里有的司机带我这拿走了20万现金巴黎有的,卖李友材料的，李友的司机在我这拿走了20万现金，把李友的换肝
24591,91,换肝的这个银行的票据发给了我,换肝的，银行的票据发给了我，那个
24592,92,那个手术的东西,那个手术的东西
24593,93,我也公开推出,我也公开推出
24594,94,还有你有一些其他信息我还没有推出,还有李友的一些其他信息，我还没有推出
24595,95,你这二十万我就算了啊给你了就是了孙然以后来,"你这20万我就算了，给你了，就认了。


虽然后来"
24596,96,整个理由的比如你只发了一部分没有权发前我也就认了你了,整个李友的笔录你只发了一部分，没有全发全，我也就认了你了
24597,97,但是你还不老实吧最近你又拿了其他人啊所谓里有其他材料,但是你还不老实，最近你又拿了其他人所谓李友其他材料
24598,98,又来慢了还要了个天价2000美元你再敢打字乱来我告诉你,又来卖来，还要了个天价2000万美元。你再敢在这乱来，我告诉
24599,99,一定会我把你说的东西,一定会我把你所有的东西
24600,100,寄给李咏寄给贺国强还有机会当地的司法机外你要碰,寄给李友，寄给贺国强，还有寄给当地的司法机关。你要碰
24601,101,因为很细很的你觉得听的调我还没报那我一抱就知道是你怎么,因为很简单，你现在提供的料我还没报呢，我一报就知道是你怎么
24602,102,怎么弄了在车上怎么录的音,怎么弄的，在车上怎么录的音
24603,103,你有的是还没有我可以拿的是第2张没开始了,音。李友的事还没，我跟他的事第二章没开始
24604,104,接下来你有哇伊利亚还有温馨的还有她女儿啊是吧,接下来李友，余丽呀，还有魏新呀，还有他女儿呀，是吧
24605,105,这个这个在国外的是啊这这这都这都没开始了所以说,在国外的事这都没开始呢。所以说你要有真
24606,106,你要有真材实料你就来来喽你没有真材实料你也别倒我是人们,你要有真材实料你就来弄，你没有真材实料你别到我这来蒙
24607,107,不可能力,不可能
24608,108,给我一个想说的事情,个我想说的事情，某个
24609,109,某个检察院的检察官,某个检察院的检察官
24610,110,这个,后一个
24611,111,你原来给我我的这个材料好我付给你钱了2000000美元都付给你了,你原来给过我的材料，我付给你钱了，200万美元都付给你了
24612,112,但是你把中间东西你都留下来中间的关键都不留下来现在要把这一部分东西,但是你把中间东西你都留下来，中间关键的东西都留下来，现在要把这一部分
24613,113,你又去卖这不候的,你又去卖，这不厚
24614,114,结果你卖来卖就有卖我这来了在英国的,结果你卖来卖去又卖我这来了。在英国的
24615,115,把你卖的那个人又送我这来了你不厚道,的你卖的那个人又送我这来了，你不厚道
24616,116,是不是啊,是不是
24617,117,你让我那么感动一把他服侍你2000000美元对不对你这么弄发就太不厚道了,你让我那么感动一把就付给你200万美元，对不对？你这么弄法就太不厚道了
24618,118,结婚你卖给你说一下有没有那个关键的一些东西还怕我这来是不好啊,结果你卖剩下要卖的关键的那些东西还跑我这来了，这不好。走
24619,119,走向喜马拉雅你可以发财我们支持你发展你不是我们担忧,走向喜马拉雅你可以发财，我们也支持你发财，你不是我们战友
24620,120,但是单人的讲点后的我拿了钱拿全家幸亲最初老公对你本身的,但是咱人得讲点厚道，我拿著钱拿著全家性命对付老共，对你本身
24621,121,就是好的,就是好的
24622,122,你干吗那片那不好吃吧,你干嘛来骗，不好，是吧
24623,123,哎呀咱们打入啊这个片子是共产党的一个骗子政府就产生骗子,唉呀咱们大陆啊，这个骗子，共产党这个骗子政府就产生骗
24624,124,确实是个问题确实是个问题亲爱的战友们另外一个,确实是个问题，确实是个问题。亲爱的战友们，另外一个
24625,125,我要给大家说的啊金中文肯定不能或者一经跨国啤酒量,我要给大家说的金正恩，火车已经跨过北京了。跨过北京
24626,126,华宝贝行了啊,火车已经跨
24627,127,只要回去了,直接回去了
24628,128,据国内的,据国内的
24629,129,有人反应不说,有人反映跟我说
24630,130,这个最高领导这个在内幕,政治事件，说那个偷拍的人
24631,131,说这个在南宁偷拍时间,说是在南宁偷拍事件
24632,132,重大政治事件,重大政治事件
24633,133,说那个偷拍的是人,说那个偷拍的人
24634,134,贝壳币啊都应该被枪毙都应该,被枪毙都应该，被枪毙都应
24635,135,你说的话的金州人大值得推到会是这个国家誓死人,你说这话，哈哈，拿金正恩大侄子太当回事了，这国家14亿人
24636,136,现在非非洲杯冠打给法国被禁出的大致可以报销的不好处,现在又被金正恩大侄子给绑了，相当的不好过。凭啥不
24637,137,凭啥不能拍呀,凭啥不能拍呀
24638,138,凭啥不能拍呀那美国总统他走到哪去了,凭啥不能拍呀？那美国总统走到那去了
24639,139,你被拍是正常的,你被拍是正常的
24640,140,你不被拍个不正常的,你不被拍才不正常呢
24641,141,品茶中国老百姓不能太阳,凭啥中国老百姓不能拍呀，你
24642,142,你告诉那个行不能拍了吗,你告诉老百姓不让拍了
24643,143,傻子流氓啊,耍这流氓
24644,144,谁说太过分了,以说太过分了
24645,145,这个,这个
24646,146,大家可以核实这是中央的会啊,大家可以核实，这是中央的会
24647,147,开车的人你们知道这是不是那个另外一个两会,可以核实，这是中央的会，中南坑你们要知道是不是
24648,148,两会呀现在要通过,"远)**
另外一个两会"
24649,149,给美国表演的知识产权,给美国表演的知识产权
24650,150,资产权保护,产权保护
24651,151,这是这是这是,知识产权保护，这是
24652,152,第一条第2条所谓的对外投资与对外援助法,第一条。第二条，所谓的对外投资、对外援助法
24653,153,啥叫对外援助法把对外给钱要和花,啥叫对外援助法，把对外给钱要合法
24654,154,要吓跑第3,要合法化。第
24655,155,通过什么大弯曲,通过什么大湾区
24656,156,大湾区的一系列条件,大湾区的一系列条例
24657,157,就是这什么货币使用什么办法,例，这什么货币使用，什么办法
24658,158,干啥呢,干啥呢
24659,159,对外给钱和法不正常吗8广东而上海28广东澳门,对外给钱合法化，正常化。把广东澳门，香港变
24660,160,香港,香港
24661,161,变成自己片外汇对面的一个平台,变成自己骗外汇，对外洗钱的一个
24662,162,把香港700万人把澳门500000日元把广东深圳,把香港700万人把澳门50万人，把广东，深圳
24663,163,上千万人绑在一起,上千万人绑在一起
24664,164,将军两万亿的GDP这就是共产党洗钱那个大石坑子,将近2万亿的GDP，这就是共产党洗钱那个大屎坑子
24665,165,这钱的10字,这里面玩的
24666,166,然后马上科技晚会议上着一个玩猫腻了,然后马上科技板块一上，这里面玩
24667,167,是吧,是吧
24668,168,大家看的是为国家实际上全都是给关岛自己玩的游戏,大家看著是为国家，实际上全是共产党给自己玩的游戏
24669,169,费用化的,非常夸
24670,170,另外还听说要通过,另外还听说要通过
24671,171,什么,什么
24672,172,关于网络安全信息什么管理条例法规实行办法,关于网络安全信息管理条例法规试行办法
24673,173,就是网络控制电明了信息什么什么人是私人信息,就是网络控制，变名了啊，信息什么私人信息安全
24674,174,安全保障办法,安全保障办法
24675,175,加大网络控制,加大网络控制
24676,176,又来了又来了所以说你看,又来了又来了。所以说你看
24677,177,哪有声心说所谓的把网络给你拍呀,哪有诚信所谓的把网络给你开呀
24678,178,哪有诚心什么给你结构性改革那么扯什么都不那么懂事啊,哪有诚心什么给你结构性改革呀，那不扯王八犊子么这
24679,179,能另外一个听说,"是。


另外一个听说"
24680,180,这两会这几天,说啊，两会这几天
24681,181,党内斗争相到几点,党内斗争相当激
24682,182,党内斗争相了解,党内斗争相当激烈
24683,183,比如说,比如说
24684,184,那个被骗的那个那个房地产开发商,那个被骗的那个房地产开发商，曾
24685,185,曾经就是大姐当地的政协委员,曾经就是当地的政协委员。他也
24686,186,他也给我发信息他告诉我说这次的政协开会完全不一样,他也给我发信息，他告诉我说这次政协开会完全不一样
24687,187,不让带手机,不让带手机
24688,188,不要见朋友不让出道住的就是,不让见朋友，不让出驻地，就是
24689,189,住在酒店,住的酒店
24690,190,更夸张的事情,更夸张的事情
24691,191,他听说,他听说
24692,192,这整个北京到处,这整个北京，到处
24693,193,都显示了,都显示
24694,194,反习很熟的这种感觉,反习和拉山头的这种感觉
24695,195,另外一位咱们的战友啊很多战友都是政协委员人大代表意味,另外一位咱们的战友啊，咱很多战友都是政协委员人大代表。因为
24696,196,咱们战友们,咱们的战友们
24697,197,悄悄的发出信息告诉我,悄悄地发出信息告诉我
24698,198,说过先生的爆料革命,说郭先生的爆料革命
24699,199,没想到人那么多人都知道,没想到那么多人都知道
24700,200,他说他有时候尝试了故意说一句一切都是刚开始每个人演就有量,他有时候尝试著故意说一句：「一切都是刚刚开始！」每个人眼睛都亮，然后
24701,201,然后还有人说一下爱北美教练然后马上大家有感觉,然后他有时候说一下，「北美教练」，然后，马上大家有感觉
24702,202,探索,他说
24703,203,他说的都有感觉,他说的都有感觉
24704,204,但是大家都心照不宣不说,但是大家都心照不宣不说
24705,205,竟然有人私下跟他说你相信给盛他给人家说一切都是刚刚开始,竟然有人私下给他说，你相信几成？他给人家说「一切都是刚刚开始
24706,206,有人问他你相信基层,有人问他，你相信几成
24707,207,然后他就是申十个手指的无,然后他就伸出个手指
24708,208,然后再发过来就是100%那个人点点头,然后再翻过来再5，就是百分之百，那个人
24709,209,谁说咱一带一切都是刚刚开始北美教练是在国内备案,说咱现在一切都是刚刚开始，北美教练是在国内
24710,210,有意思啊有意思,有意思啊，有意思
24711,211,另外一个听说这个王岐山可是又住院了,另外一个听说，王岐山头两天又住
24712,212,王岐山同事住院出来以后呢,王岐山同志住院出来以后呢
24713,213,说精神显示大红,说精神显得大好，估
24714,214,胡锦又换什么什了又犯什么干了肯定是这个结局,好，估计又换什么肾啦，又换什么肝了啊？肯定是这个结局
24715,215,但是,但是
24716,216,说完脾气暴躁,说王岐山脾气暴
24717,217,脾气暴躁说最近这几个人啊,脾气暴躁，最近见了几个人
24718,218,就是,就是
24719,219,大麻,大骂
24720,220,大马彩成成烽吗还行吗王健康怎么走,大骂陈锋，骂海航，骂王健，说他们坑了怎
24721,221,然后把这个几个金融的老板说你们太黑了我会弄钱然后说弄,然后骂金融的老板，说你们太黑了，往外弄钱，然后说弄
24722,222,王岐山的名义结果是现在让我背黑锅,王岐山的名义，结果是现在让我背著黑
24723,223,听说在党内开会有人提出对王岐山,听说在党内开会，有人提出对王岐山
24724,224,王岐山应该这个给海航的关系和海行的贷款,王岐山应该对这个跟海航的关系和海航的贷
24725,225,给重要解释解释,给中央解释解释
24726,226,现在说这个老百姓关这事方面是太多了,现在说这个老百姓关注这方面事太多了
24727,227,关注得太多了说实在的大家能有人感情也就意思了王岐山的时间差不,关注这方面事太多了，说实在的大家能有人敢提。也就意识到王岐山
24728,228,多了,多了
24729,229,可以跟他,可以跟他
24730,230,叫叫爸爸,叫叫板
24731,231,这天一定会来的,这一天一定会来的
24732,232,另外一个现在,另外一个现在
24733,233,整个听说讨论经济方面都是绝密的信息,整个听说讨论经济方面，都是绝密的信息
24734,234,这回的政协礼完真有些人敢说话了,这回在政协里面还真有些人敢说话了
24735,235,说地方的经济差的不行,说地方的经济差的不行
24736,236,今年的15万个亿,今年的15万个亿
24737,237,没有几乎都受到了江泽以来,亿，几乎都是到了江浙一
24738,238,广东溢达,广东一带
24739,239,也就是盗国贼,也就是盗国贼
24740,240,家族控制力最土岭,家族控制利益最
24741,241,而且很少跑到飞机了,而且很少跑到黑吉
24742,242,跑到新疆,跑到新疆
24743,243,挂牛下怎么去,广东一带也就
24744,244,云南就更甭提了轮不到你的编,云南就更甭提了
24745,245,而且很多政协委员说你的15万一你退出来以后,而且很多政协委员说你的15万亿，你推出来以后
24746,246,你都给了国有企业的私人鞋怎么办,你都给了国有企业，私人企业怎么办
24747,247,大家都抢肉麻对不对强弱吗,大家都抢肉吗？对不对，抢肉吗
24748,248,二线真有有良知的人还真敢提出来皮肤品,"吗？


而且真有有良知的人还真敢提出来P2P"
24749,249,说不管你如何P2P是你这个贱政府拟提上大家稿,说不管你如何，P2P是你这届政府，你提倡大家搞
24750,250,包括电子金融,包括电子金融
24751,251,票老百姓那么多钱,骗了老百姓那么多钱
24752,252,现在关键是有人说你的钱去哪了,现在关键是有人说你的钱去哪了
24753,253,我估计这提出了一样的事咱们保证革命的传言,我估计这提出议案的是咱们爆料革命的战友啊，人
24754,254,钱去哪了,钱去哪了
24755,255,是不是你说说,是不是得说说
24756,256,这就是有良知,这就是有良知
24757,257,这不是简单变量知道这里有良知,这不是灭良知了，这是有良知啊，钱去哪
24758,258,钱去哪了,钱去哪了
24759,259,不要问问另外一个说中国这个去年的GDP到底是多少,爆料革命的战友啊，人家说钱去哪了，是不是得说说？这就
24760,260,是十二万亿,是灭良
24761,261,还是11万米还是吗万一,是灭良知了，这是有
24762,262,差距太大,战友啊，人家
24763,263,这就是现在什么不但国外知道你到我那国内也值得你告诉我,这就是有良知啊，这不是灭良知了，这是有良知啊，钱去哪儿
24764,264,老百姓也明白,是有良知啊，这不是
24765,265,你偷了钱,是有良
24766,266,皮肤病荨去哪个时间长清楚,革命的战友啊，人家说钱去哪了，是不
24767,267,家里一起家里一起听说是80000人民币,就是有良知啊，这不是灭良
24768,268,家一起大概1万1美元,良知啊，钱去哪儿了？要问
24769,269,最终被坑走了大概1块,有良知啊，这不是灭良知
24770,270,50000人民币,人家说钱
24771,271,中外人民的权贵多少钱了这玩意很多贷款5% 60多大,这提出议案的是咱们爆料革命的战友啊，人家说钱去
24772,272,贷款大家别搞错了这么玩意好吧万一好不是说你们家里的钱他是个金融概念,的钱去哪了啊？我估计这提出议案的是咱们爆料革命的战友啊，人家说钱去哪了，是
24773,273,这个有某人搞了个P2P发洗一个找了个理由像我认识,这不是灭良知了，这是有良知啊，钱去哪儿了？要问
24774,274,一个人就搞了一个所谓的,"灰灰）
另外一个说中"
24775,275,小的贷款给那个大客车大客车小额贷款,国这个去年的GDP到底是多少？是12万
24776,276,一个人走在山间,是现在什么，不但
24777,277,但是那你超过我不错,但国外知道你盗国
24778,278,可以有人造假还能那么20次100次,的钱去哪儿了，实际非常清楚，加
24779,279,这个钱他衣服那没拿样子讲他只是一个人带着他去了,终被坑走的大概一半，5万亿人民币。这5万亿人民币在全国是
24780,280,朱智贤不好了这个所有的,万亿美元，最终被坑走的
24781,281,这个所谓小子贷款记录的公司行吗,终被坑走的大概一半，5万亿人民
24782,282,这钱哪来的大这是银行的,这5万亿很多人都是贷款，百分之
24783,283,最后的确定好像老百姓的,在全国是多大钱哪，这5万亿很多
24784,284,最后那个老板卷钱跑了,币在全国是多大钱哪，这5万
24785,285,跑哪去了,搞错了
24786,286,绝大多是保护者全部都中文中文,币在全国是多大钱哪，这5万亿很多人都是
24787,287,他拿这个执照没有中餐更不可能,哪，这5万亿很多人都是贷款，百分之
24788,288,他又跑到了没有这个姑娘话帮助不可能,国是多大钱哪，这5万亿很多人都是贷款
24789,289,故意不抓住的那是病有那些,也好不是说你们家里边的
24790,290,他是这么个概念,它是个金融概
24791,291,11000,都
24792,292,多少人妻离子散家破人亡了但是那个带钱的那个人,"是说你们家里边的钱，它是个金融概念。


某人搞了个P2"
24793,293,他说的没玩得爽拿了一点钱,也好8万亿也好不是说你们家里边的钱
24794,294,在银行这找他要钱的,万亿也好不是说你们
24795,295,1号不收他的房子说他真的大客车,十都是贷款。大家别搞错了，这5万亿也好
24796,296,就抓他的,家里边的
24797,297,就这么简单,们家里边的
24798,298,另外一个社会竞争者回头在这个表背影响特别的影响是为了,一个找了个理由。像我认识的一个人就搞了一个所谓的小额贷款给那
24799,299,大家都死了一个国家,但是你累计不能超过
24800,300,毛泽东和不来也不过是如此了,是你累计不能超过5次。可有的
24801,301,给想给给东西然后狠话那个中国中国味道全部买的战略如何,车小额贷款，一个人只能贷三千。但是你累计不能超过5次。可有的人造
24802,302,听说有人提出质疑,严格讲，他只是银
24803,303,所以两会完以后两会消费新的政府,是银行里贷了个一二十万，他去理财去了，最后
24804,304,过去两会前的抓几个人gggg这个表会的旗帜,公司去了，这钱哪来的？贷的是银行的，最后这银
24805,305,吓唬吓唬了被人别动啊,姓的，是无辜的老百姓的
24806,306,不是杀鸡给猴看,部都是中南坑
24807,307,这回没敢动就是,个执照没有中南
24808,308,国内形势国际形势较为复杂,是毕竟有内线，他是这么个概念，几
24809,309,中国现在整个经济摸不着北了,抓回去他，那是毕竟有内线，他是这么个
24810,310,到底是搞P2P什么搞什么这个供给侧结构改革呀,要能跑得了，没有公检法帮助不可能，故意
24811,311,孩子花人小农经一样还是找人民共消这样都吹狼大的骗不下去了,回去他，那是毕竟有内线，他是这么个概念，几万亿。多少人妻离子散家破人亡啊，但是
24812,312,几乎这片高都用完了,找他要钱的，银行不给
24813,313,最新的革命现在给重要协议和两会要提重物时紧急,正恩这回听说在这个两会影响特别大，影响
24814,314,民生经济,金正恩当
24815,315,烧烤这个大型基础建设,说在这个两会影
24816,316,小狗国际投资,东活过来也不
24817,317,爸爸会看过这个报道,国，中国为他全部买单，战
24818,318,要把所有的投资,呀？听说有人提
24819,319,可未来的发展不到10年叫发展中国经济质量,个大的新的政治事件。过去两会前都要抓几个人，祭祭两
24820,320,全面结构合理化,去两会前都要
24821,321,可以不生产不能有过生,给猴看，杀虎给鸡看，杀狗给
24822,322,两会有这么个概念,两会的人：别动啊。杀
24823,323,说明什么问题片不下去了,会的人：别动啊。杀虎给鸡看，不
24824,324,国内经济落后,国内形势国际
24825,325,竟然有人把联名给中央写得挺,中国现在整个经济摸不著北了，到底
24826,326,说中国经济如果再这样下去你会来,"势国际形势较为复杂。


中国现在"
24827,327,不可能有两到三年美好愿景,鸡看。这回没敢动就是国内
24828,328,中国的人民币汇率和金融机构特别是银行和影子银行,中国现在整个经济摸不著北了，到底是搞P2P呀？什么供
24829,329,还有地方债务,还是发展小
24830,330,将近80万以什么45 180万1的所有的这种,经济呀？还是搞人民供销社呀？都吹狼蛋呢
24831,331,影子银行和地方负债,中央写信说两会要提
24832,332,时间中国的钱都是假的了,生经济，少搞这个大型基础
24833,333,经济,经济
24834,334,在不动就出大事老百姓回上级,在给中央写信说两会要提倡务
24835,335,只要中国官员拿不到公司,这骗招都用完了。所以
24836,336,只要中国老百姓付不起银行账单只要老百姓去银行前中国的经济中国的中,这骗招都用完了。所以有些老革命现在给中央写信说两会要提倡务实经济、民生经济，少搞这个
24837,337,一天就,际投资，大家
24838,338,就这么简单,济质量全
24839,339,所以说占有了,所有的投资和
24840,340,这个咱们都包了革命是入党心被党内同志完,剩，两会有这么个概念。说明什么问题呀，骗不
24841,341,完全结束,概念。说
24842,342,咱们都过来我给广入银行大家都认可,展中国经济质量全面结构合理化，可
24843,343,我们爆料的知识竟那种事的,未来的发展，五到十年叫发展中
24844,344,接下来,济质量
24845,345,就要内外辉内外呼应,济质量全面结构合理化，可以
24846,346,现在的炖那才能像双的火盾了,济质量全面结构合理化，可以不生
24847,347,这里不过得了顿了一个大王八,质量全面结构合理化，可以不
24848,348,那就是ccp要把那个王八冲里的为什么炖熟了才能见过钟才在,和未来的发展，五到十年叫发展中国经济质量全面结构合
24849,349,亲爱的战友们,全面结构合
24850,350,一切都是刚刚开始今天的爆料吧咱们,叫发展中国经济质量全面结构合
24851,351,请大家压力很大是属于国内的我希望大家好好休息,所有的投资和未来的发展，五到十年叫发展
24852,352,我希望国内的站用的第2天不要疲劳上班,有的投资和未来的发展，五到十年叫发展中
24853,353,一切都是刚刚开始为战勇气服,有过剩，两会有这么个概念
24854,354,谢谢,下去了
