id,title,description,date,youtube_url,youtube_id
4,"April 24, 2019文贵向战友们报告昨天的三个神秘会议的内容及对张建先生突然病逝的祈祷！",,2019-04-24,https://www.youtube.com/watch?v=6NU3FM3YfYQ,6NU3FM3YfYQ
5,2019年4月22日：伊朗的石油制栽意味着共产党推行独栽盗国制度．将受到法治．民主社会制度的全面反击！,,2019-04-22,https://www.youtube.com/watch?v=rkytjh7aFyI,rkytjh7aFyI
6,2019年4月21日：文贵为什么要揭穿．李嘉诚．马云．郭台铭．江志诚！,,2019-04-21,https://www.youtube.com/watch?v=Nno18amLzwQ,Nno18amLzwQ
7,"2019年4月20日班农先生与文贵谈郭台铭选台湾总统 :  Steve Bannon and Miles Guo, a dialogue on Terry Gou’s presidential bid",,2019-04-20,https://www.youtube.com/watch?v=Uh8Ourx9kRw,Uh8Ourx9kRw
8,4月19日：【419】一个难忘的日子……2017年与VOA龚小夏女士．东方先生……在我家的釆访！断播二周年．文贵回顾这两年来爆料的一些人和事……一切都是刚刚开始,,2019-04-18,https://www.youtube.com/watch?v=Oe22Ocs1qrU,Oe22Ocs1qrU
9,2019年4月16日4月16号：尊敬的战友们好，你们健身了吗？你20直播报平安！不爆料就是谈谈，昨天让大家搜集李嘉诚10个人信息的进展！和简单谈谈维基解密解密的信息,,2019-04-16,https://www.youtube.com/watch?v=-GP1BjH06v0,-GP1BjH06v0
10,2019年4月15日4月15日：接下来的爆料有些会是让人无法接受的……人性丑恶行为！＂世上有些人的恶已经超过魔鬼👹＂与共产党一起的任何人任何事情都比妖怪还要让人憎恶……,,2019-04-15,https://www.youtube.com/watch?v=TZESdz_IsN0,TZESdz_IsN0
11,"April 13, 2019第三次直播．王岐山副主席可能要扶正！给战友们的四条建议！紧急通知⚠️战友必看！",,2019-04-13,https://www.youtube.com/watch?v=P7ZQO8GJlR0,P7ZQO8GJlR0
12,4月13日文贵直播：什么叫蓝通？为什么刘鹤将遣返爆料战友等21人作为中美贸易交易的条件！,,2019-04-13,https://www.youtube.com/watch?v=QHQrwq15VbM,QHQrwq15VbM
13,4月13日：郭文贵直播谈盗国贼的财富以及这周发生的大事！ 江家集团在中国的实际实力和未来的下场！,"4月13日：郭文贵直播谈盗国贼的财富以及这周发生的大事！
江家集团在中国的实际实力和未来的下场！",2019-04-13,https://www.youtube.com/watch?v=kNAf1hLh0DQ,kNAf1hLh0DQ
16,4月9号文贵报平安直播！谈谈陈小平先生和何频先生．明镜．和龚小夏女士上次直播时没有说清楚的几个事！,,2019-04-09,https://www.youtube.com/watch?v=q1S5RZNij1k,q1S5RZNij1k
17,2019年4月7日：美．欧．日．等将对中资国营．香港自贸协定．中共及香港官员的一系列的立法制栽．或调查．或列入黑名单．行动．将是中共灭亡的第一步！,"文貴告訴我們，前幾天文貴在加州給我們指着他身後的銀行里，盜國賊的帳戶，從7000萬美金，短短的几個月增加到37個億美金！
這些錢，都是盜取中國老百姓的國民稅金！我們要把真相告訴國內人。

等有一天，汽車等滿了北京二环，三环，四环路時，這里面的百姓，就懷有這種憤怒😡！去他娘的吧！",2019-04-07,https://www.youtube.com/watch?v=JnkMMk7OY_E,JnkMMk7OY_E
18,4月6日：班农先生与郭文贵先生谈“当委会”、中美贸易协议与法治基金,4月6日：班农先生与郭文贵先生谈“当委会”、中美贸易协议与法治基金,2019-04-06,https://www.youtube.com/watch?v=f698odWJvpY,f698odWJvpY
19,2019年3月21日班农先生在意大利罗马《信息算法》主题演讲（中英文字幕版）,,2019-03-29,https://www.youtube.com/watch?v=6kWpAk7K5gw,6kWpAk7K5gw
44,3月5号：为什么在两会上说，金正恩拯救了中国？,,2019-03-05,https://www.youtube.com/watch?v=H5yF3Osa8Yc,H5yF3Osa8Yc
45,2019年3月4日文贵谈10亿欧元支票怎么来的！北京正在进行的两会为什么说2019的64民主全民运动即将来临……,,2019-03-04,https://www.youtube.com/watch?v=EKQZNY15t8o,EKQZNY15t8o
46,2019年3月3日金正恩为什么直接回朝鲜为什么要枪毙．偷拍金正恩视频的中国人吗？,2019年3月3日金正恩为什么直接回朝鲜真的要枪毙了，偷拍金正恩视频的中国人吗？,2019-03-03,https://www.youtube.com/watch?v=C2dCa-Z9Yxg,C2dCa-Z9Yxg
47,3月2日直播：郭文贵和Sara、安红女士、路德、邱先生谈话,3月2日直播：郭文贵和Sara、安红女士、路德、邱先生谈话,2019-03-02,https://www.youtube.com/watch?v=_Tb7a63mqOE,_Tb7a63mqOE
48,2019年2月28日：文贵报平安谈金正恩谈判的破裂和蓝标公司在美国犯罪的各种信息。,,2019-02-28,https://www.youtube.com/watch?v=mXdOYl7TaA0,mXdOYl7TaA0
49,2019年2月26日谈谈法治基金和金正恩与川普团队的不同，一切都是刚刚开始！,,2019-02-26,https://www.youtube.com/watch?v=JWrG5qUGqqY,JWrG5qUGqqY
50,2019年2月24日文贵谈，法治基金建立的真正目的。,,2019-02-24,https://www.youtube.com/watch?v=wUIbwiwjCJU,wUIbwiwjCJU
54,2月23日郭文贵和班农谈宗教革命：爆梵蒂冈与中共的交易,"February 23, Miles Kwok and Steven Bannon talk about the Religious Revolution: the deal between the Vatican and the CCP",2019-02-23,https://www.youtube.com/watch?v=MjF_DKBDWdw,MjF_DKBDWdw
58,2019年2月22日文贵报平安谈摩根家族及郭宝胜案情。,,2019-02-22,https://www.youtube.com/watch?v=lYj4EPKehGY,lYj4EPKehGY
60,2月21日：尊敬的战友们好，你们健身了吗？再次谈法治基金捐款到底捐给了谁！一切都是刚刚开始！,,2019-02-21,https://www.youtube.com/watch?v=z4BGKKCCE6Q,z4BGKKCCE6Q
67,02.19.19,,2019-02-19,https://www.youtube.com/watch?v=Fn4nWc6idMQ,Fn4nWc6idMQ
68,2019年2月17日:文贵再谈法治基金的目的和中美之间即将发生的大事。,,2019-02-17,https://www.youtube.com/watch?v=4RgMnSsJ_pw,4RgMnSsJ_pw
69,20190216 文贵和班农先生关于法治基金和法治公会基金的解读,20190216 文贵和班农先生关于法治基金和法治公会基金的解读,2019-02-16,https://www.youtube.com/watch?v=g2-J0fU5z-U,g2-J0fU5z-U
71,2月7日文贵、班农、凯琳 回答战友们对春晚爆料的问题,,2019-02-07,https://www.youtube.com/watch?v=Fhw-04myTes,Fhw-04myTes
73,2月6日文贵、班农、凯琳 回答战友们对春晚爆料的问题,,2019-02-06,https://www.youtube.com/watch?v=IU63W9OCPLs,IU63W9OCPLs
92,2019年1月29日 郭文贵向北朝鲜领导人金正恩先生及金与正女士发出的警告视频，对北朝鲜国家安全和两位个人安全有重大爆料,2019年1月29日 郭文贵向北朝鲜领导人金正恩先生及金与正女士发出的警告视频，对北朝鲜国家安全和两位个人安全有重大爆料,2019-01-29,https://www.youtube.com/watch?v=KGR0R3uxmc4,KGR0R3uxmc4
99,2019年1月27日：王岐山在达沃斯的讲话已经开始了世界的反习运动！,"文貴1/27視頻剪輯
1.王73達沃斯講話在美國政商界影響很大的 布隆伯格最恨習近平 他要革習的命 凱爾巴斯勸文貴別反王
2.委内瑞拉也有一个中国的王73 是美国栽培的
3.文貴為美前官員建議成立獨立檢察官調查中共在美公司
4.委內瑞拉事情成為美國對付中共的練兵行動
5.這個時代給我們帶來的機遇前所未有",2019-01-27,https://www.youtube.com/watch?v=efZo9c1jyH4,efZo9c1jyH4
102,01 24 2019：委内瑞拉的民主反独裁的运动对中国人民的意义与影响重大！,,2019-01-24,https://www.youtube.com/watch?v=pAQ4Kmq7oFU,pAQ4Kmq7oFU
104,1月23日文贵报平安直播,1月23日文贵报平安直播,2019-01-23,https://www.youtube.com/watch?v=H7YOA9eGiBY,H7YOA9eGiBY
107,2019年1月21日：共产党号召学习王阳明的心学是对圣人的巨大侮辱……,,2019-01-21,https://www.youtube.com/watch?v=2MtRmwKRKqM,2MtRmwKRKqM
108,2019年1月20日王岐山，孟建柱．是如何执行南普陀计划！美国人是如何看待……对待！中国新的发誓我这一系列的奇怪的事情！,,2019-01-20,https://www.youtube.com/watch?v=qWfUTqS-5fI,qWfUTqS-5fI
114,2019年1月19日，文贵报平安视频，中共以假治国、以黑治国到了终结的时候，政事小哥事件在国内影响巨大，这是一个让美国人都恐惧的标志性事件。,,2019-01-19,https://www.youtube.com/watch?v=jDRw3YqAX_w,jDRw3YqAX_w
115,2019年1月18日政事小哥！因为受共产党对家人的迫害威胁，不得不离开过爆料革命！这更加坚定了摧毁流氓CCp的决心！以实际行动为战友报仇！一切都是刚刚开始,,2019-01-18,https://www.youtube.com/watch?v=5yx1SOODGpc,5yx1SOODGpc
119,2019年1月17日尊敬的战友们好，你们健身了吗！文贵向你们报告出席华盛顿一系列的活动和几个重大的采访。,2019年1月17日尊敬的战友们好，你们健身了吗！文贵向你们报告出席华盛顿一系列的活动和几个重大的采访。,2019-01-17,https://www.youtube.com/watch?v=dodjLKdrL9E,dodjLKdrL9E
144,2018年12月17号文贵报平安直播，关于昨天被删除的视频和路德Sara女,,2018-12-17,https://www.youtube.com/watch?v=jN6mBqbxx8M,jN6mBqbxx8M
122,2019年1月16日，报平安直播，因春晚收到了国内盗国贼各方的威胁，以及接下来将对盗国贼子女海外资产的一系列行动，慈善基金可能将成为第一个有回报的慈善基金。,2019年1月16日，报平安直播，因春晚收到了国内盗国贼各方的威胁，以及接下来将对盗国贼子女海外资产的一系列行动，慈善基金可能将成为第一个有回报的慈善基金。,2019-01-16,https://www.youtube.com/watch?v=LfQVbNK6XW4,LfQVbNK6XW4
126,2019年1月12日8，老百姓怕共产党，共产党怕洋人 9，有钱人欺负穷人，但是怕政府；官员怕中纪委，中纪委怕证据 10，陈刚是中国政坛唯一横跨三届的官员 11 张海,"8，老百姓怕共产党，共产党怕洋人
9，有钱人欺负穷人，但是怕政府；官员怕中纪委，中纪委怕证据
10，陈刚是中国政坛唯一横跨三届的官员
11，怎样成为了训练场-角斗场上唯一的赢者；真正的挑战还没有到来
12，杀商给官看，以警治国，以黑治国
13，秘密战友，等待世界大环境，2020年
14，张海",2019-01-12,https://www.youtube.com/watch?v=Y0YOSuEWfpk,Y0YOSuEWfpk
130,1月8日文贵报平安视频,1月8日文贵报平安视频,2019-01-08,https://www.youtube.com/watch?v=-cbC6lVnM24,-cbC6lVnM24
132,1月7日文贵报平安直播被黑客掉未成功的视频。谈马云和被双规的成钢以及懒人郭宝胜的案子,1月7日文贵报平安直播被黑客掉未成功的视频。谈马云和被双规的成钢以及懒人郭宝胜的案子,2019-01-07,https://www.youtube.com/watch?v=YHISs3uM5Go,YHISs3uM5Go
133,2019年1月6号文贵报平安直播：关于战友们关心的法制基金的几个问题的回复！以及文贵对香港，澳门台湾法制沦陷……是被孟建柱．王岐山．孙力军等控制的结果几个观点！,2019年1月6号文贵报平安直播：关于战友们关心的法制基金的几个问题的回复！以及文贵对香港，澳门台湾法制沦陷……是被孟建柱．王岐山．孙力军等控制的结果几个观点，以及春节是否举行《文贵看春晚》的节目的几个看法，在今天直播后战友发信息！关心我今天感觉是不是太累了，谢谢战友的关心！答案不是的，我刚刚从迈阿密海滩回来就是因为休息特别好，晒的很黑！才看起来很累的样子！状态特别好，请大家放心，一切都是刚刚开始！,2019-01-06,https://www.youtube.com/watch?v=RwjhD9L_120,RwjhD9L_120
134,1月5日接受庄烈宏先生美东之声访问。中共敢打台湾吗？什么叫战友？2019文贵爆料的具体战略,,2019-01-05,https://www.youtube.com/watch?v=qSlrL_KgY6I,qSlrL_KgY6I
135,2019年1月1日文贵接受木兰小姐访问，什么时候放91号文件，刘承杰他爹到底是谁，共产党会怎样灭亡，2019我们做什么。,,2019-01-02,https://www.youtube.com/watch?v=N3VLi6mbLa8,N3VLi6mbLa8
137,2018年12月29日接受路德先生的访谈，谈马建案与2019年爆料计划和中国私人企业家的命运。,,2018-12-29,https://www.youtube.com/watch?v=bVOF9Ibm-10,bVOF9Ibm-10
139,2018年12月27日郭文贵直播 - 原马健副部长所谓的被判无期徒刑是中共“以黑治国”“以警治国”最好的证明！郭文贵将不惜一切代价为马健先生及绝大多数被残害的共产党员争取公平！真相！还他们自由！,,2018-12-27,https://www.youtube.com/watch?v=Q5ALDM-L0yM,Q5ALDM-L0yM
142,12月21日 谈中美两国夫妻关系及刘特佐是否会被孟建柱做掉 共产党在香港所谓的商政双轨制的控制手段,,2018-12-22,https://www.youtube.com/watch?v=Kipv1uyzSao,Kipv1uyzSao
145,2018年12月16日：郭文贵回答战友之声的问题，聊天，怎么看待习江斗。,,2018-12-16,https://www.youtube.com/watch?v=AKzogKBSC2Y,AKzogKBSC2Y
147,12月14日:感谢战友们的关心！聊天谈谈肖建华死期到了吗？及CCP海外抓铺,,2018-12-14,https://www.youtube.com/watch?v=rsVbeF1ricI,rsVbeF1ricI
148,12月12日：文贵报平安！,,2018-12-12,https://www.youtube.com/watch?v=fHTKLBDB-ew,fHTKLBDB-ew
150,2018年12 月10日：纠正一下昨天直播时的几个口误！刘乐国因为掌握令计划案北大李友案太多案情。,,2018-12-10,https://www.youtube.com/watch?v=uhRUE_v0tT4,uhRUE_v0tT4
152,2018年12月9日：量震床上功夫和G20中美峰會的真相，孟晚舟女士在加拿大被抓與華為公司的背后真相，張首晟先生是自殺還是被殺。,,2018-12-09,https://www.youtube.com/watch?v=oSRXeu8E8JE,oSRXeu8E8JE
153,杨澜找钥匙和G20会议的背后真相，开棺验王健的尸，谈谈王岐山，孟建柱，吴征。,,2018-12-02,https://www.youtube.com/watch?v=8yJ0o-IPbKA,8yJ0o-IPbKA
156,2018年11月27日文贵在华盛顿报平安直播视频！,,2018-11-27,https://www.youtube.com/watch?v=hyFbTgZpkjU,hyFbTgZpkjU
160,郭文贵11.21视频: 丢掉放弃幻想，只要共产党存在一天我们就没有安全之日... 亲人员工们忘掉过去的文贵吧，现在的文贵，是承负着上天的使命和十四亿人民对我的寄托，我不能只为你们活着...,,2018-11-22,https://www.youtube.com/watch?v=Cw7dCAP43r8,Cw7dCAP43r8
161,郭文贵2018年11月20日信息发布会: Miles Guo Press Briefing on 11/20/2018,"王健之死与海航背后真相（斯蒂芬 • 班农主持
The Death of Wang Jian and The Truth Behind the HNA Group - Introduction by Stephen K. Bannon",2018-11-21,https://www.youtube.com/watch?v=N3JKSGOwGMU,N3JKSGOwGMU
162,郭文贵2018年11月20日信息发布会 :  Miles Guo Press Briefing on 11/20/2018,"王健之死与海航背后真相（斯蒂芬 • 班农主持）
The Death of Wang Jian and The Truth Behind the HNA Group - Introduction by Stephen K. Bannon",2018-11-21,https://www.youtube.com/watch?v=0mNIkyNq0Aw,0mNIkyNq0Aw
168,2018．11月19号的王健之死的发布会．可能导致股市波动．及其他重大政治事件！要从19号改至20号！,,2018-11-14,https://www.youtube.com/watch?v=0VE05drVdz8,0VE05drVdz8
169,2018年11月13日 中国共产党过去四年对私人企业家的打压是孟建柱、傅政华、孙立军、王岐山放下的滔天罪行！私人企业家不能再成为共产党及盗国贼们的尿壶了！,,2018-11-13,https://www.youtube.com/watch?v=i_OyfbKuVHQ,i_OyfbKuVHQ
170,2018年11月8日: 王岐山与习近平谁将成为最后的共产党永久的实际控制人,,2018-11-08,https://www.youtube.com/watch?v=OwGWdR2v4ag,OwGWdR2v4ag
173,10月31日：郭文贵在华盛顿直播 关于今天参加反共大联盟会议的详情和报告 世界正在巨变！,,2018-10-31,https://www.youtube.com/watch?v=1UqJoXbbdx0,1UqJoXbbdx0
176,10⽉月26⽇日：尊敬的战友们好：你们健身了吗！一切都是刚开始！谈港币和人⺠币 的汇率。,,2018-10-26,https://www.youtube.com/watch?v=PDHGqbrtXNI,PDHGqbrtXNI
177,Oct 25th 2018 10月25日：刚刚在以色列科技创新论坛上的王岐山．马云．言讲为什么状态这么不好！以色列人如何看他们的窜访！,,2018-10-25,https://www.youtube.com/watch?v=BDSHoECggCs,BDSHoECggCs
178,201810月24日：王歧山与马云窜访忽悠以色列🇮🇱的现场直播！马云为什么愁眉紧锁！王岐山为自己家族准备的第三条路！,,2018-10-24,https://www.youtube.com/watch?v=TW8eFqEi2-s,TW8eFqEi2-s
182,法国大革命与共产党的打土豪分田地的根本不同！也必将引起流血革命！西方国家已经开始实施对中国共产党的清除方案！无人可以改变！,,2018-10-17,https://www.youtube.com/watch?v=7vA9ZHu-6iE,7vA9ZHu-6iE
187,10月10号：江．朱．王．等盗国贼们．正在疯狂的向海外洗钱！党内对国有化私人企业！产生巨大分歧！都在等上面出大事儿！,,2018-10-10,https://www.youtube.com/watch?v=ZtUrFGN4ihM,ZtUrFGN4ihM
189,10月9号：C C P如果攻击台湾美国会不会出兵为什么说港币和人民币会垮掉．保护台湾香港极为重要！,,2018-10-09,https://www.youtube.com/watch?v=rwttNTC0Izo,rwttNTC0Izo
195,9月28日文贵在会议结束后返回途中的飞机上，和战友们汇报一下会议的初步概况，一切都是刚刚开始！,,2018-09-29,https://www.youtube.com/watch?v=CyTJ4MFx3Xg,CyTJ4MFx3Xg
196,9月22日：香港．台湾．上海．股市．汇市……可能发生天翻地覆的变化！,,2018-09-22,https://www.youtube.com/watch?v=deG6Svsz4Ls,deG6Svsz4Ls
204,9.16第一段：我向美国朋友解柝郭七来！为什么不反习！及我有绝对信心中国政权一定会更迭！为什么没有共产党统治的海外华人世界为什么让西方如此看不起与不信任！,,2018-09-16,https://www.youtube.com/watch?v=b0kzQ2ZgXEo,b0kzQ2ZgXEo
206,9月10号马云辞职的真正原因。,,2018-09-11,https://www.youtube.com/watch?v=rLhPpoPlabk,rLhPpoPlabk
211,9月10号马云辞职的真正的目的与动机漫天过海！,,2018-09-10,https://www.youtube.com/watch?v=aIUPpacEWU8,aIUPpacEWU8
213,2018．9月7日．文贵申请政庇一周年！与战友们分享香港司法的危害与黑暗的事实！,,2018-09-07,https://www.youtube.com/watch?v=NPBwtI5Pudg,NPBwtI5Pudg
215,9.5 黄河边性无能造成严重后果。林肯中心被取消发布会【1】,,2018-09-05,https://www.youtube.com/watch?v=M8GY7JTly_A,M8GY7JTly_A
216,9月3日为了员工，家人文贵可以部分妥协，但不能放弃爆料革命追求喜马拉雅。,,2018-09-03,https://www.youtube.com/watch?v=0YR_YduYFW4,0YR_YduYFW4
217,2018.9.2 文贵是否 应以停止王健被杀新闻发布会 来换取 员工和哥哥的自由！,,2018-09-02,https://www.youtube.com/watch?v=J91ItA1yzZ8,J91ItA1yzZ8
218,"8．30, 2018．关于王健被杀新闻发布会的地点及一些安排！顺便聊聊川蔡电话的背后的故事！",,2018-08-30,https://www.youtube.com/watch?v=XC18QDSy-M0,XC18QDSy-M0
220,8月24日：澳大利亚是西方向中共说不的开始！西方的一根筋为什么能赢中共的千招会！西方用法律．宗教．科技．赢到了什么！,,2018-08-24,https://www.youtube.com/watch?v=DGanIrNmZ-A,DGanIrNmZ-A
221,2018年8月23文贵在船上谈王建,,2018-08-23,https://www.youtube.com/watch?v=YwL0WHo1L88,YwL0WHo1L88
222,8月20日．文贵报平安视频！,,2018-08-20,https://www.youtube.com/watch?v=NHBgM2o5nFw,NHBgM2o5nFw
225,"August 16, 2018．台湾香港等地区的人民的安全．人权．尊严．经济．受到了严重威胁时有权寻求独立．人权生存权大于主权！（连续二）",当自己的生存安全．尊严．经济．受到了严重威胁时．任何人都有寻求任何方式让自己安全！这是基本的人权．天理！,2018-08-16,https://www.youtube.com/watch?v=KQurOGSQyLg,KQurOGSQyLg
227,8月16日：文贵即不是披着羊皮的狼更不是穿着狼皮的羊！,,2018-08-16,https://www.youtube.com/watch?v=jDcgDo52Rag,jDcgDo52Rag
228,August 13th 2018：大连政法委书记于德泉．检察长吴喆！在几个小时前在京哈高速上．将盘古公司副总经理贾鑫及妻子两个孩子绑架至大连！,,2018-08-13,https://www.youtube.com/watch?v=G3Tm3ZFuPko,G3Tm3ZFuPko
229,8月13日：西方国家正在形成正义联盟共同反击中共的纳谇主义扩张！,,2018-08-13,https://www.youtube.com/watch?v=QnKIXaQTggU,QnKIXaQTggU
230,8月12号．王建被杀刑事案件正在进行中！新闻发布会，在两三周内举行，感谢战友昨天在曼哈顿的热情支持！一切都是刚刚开始！,,2018-08-12,https://www.youtube.com/watch?v=L2tDQ1O_9EQ,L2tDQ1O_9EQ
232,2018．8月9日：海航集团纽约大楼被白宫查封只是刚刚开始！,,2018-08-09,https://www.youtube.com/watch?v=d3WlPGZzMmI,d3WlPGZzMmI
233,2018.8.7王健被杀死前曾接触过其他国家情报部门．并通过香港中间人与文贵有联系！,,2018-08-07,https://www.youtube.com/watch?v=CTsnHwSMRN4,CTsnHwSMRN4
235,2018年8月6日晚上：文贵致王健夫人及兄王伟先生的提示！法国这个与王健一起最后晚餐的女人！,,2018-08-06,https://www.youtube.com/watch?v=7Fdy5x8DWOk,7Fdy5x8DWOk
236,8月5号.王健被杀的过程和涉及的人。,,2018-08-05,https://www.youtube.com/watch?v=Vuxt8K4Wm0E,Vuxt8K4Wm0E
269,20186月10日：玉岐山孟建柱命不久了！马航真相一定会公布！(一),,2018-06-10,https://www.youtube.com/watch?v=9Xd_X9IA5p0,9Xd_X9IA5p0
304,4月22日文贵要射向明镜的10个问彈！,,2018-04-22,https://www.youtube.com/watch?v=JZQquWdbnSI,JZQquWdbnSI
240,第一段高清版．2018 7月22号．王建被杀背后的其他细节！及为什么李红宽输掉了官司！,,2018-07-23,https://www.youtube.com/watch?v=MtNHfLQdaPk,MtNHfLQdaPk
254,July 10th 2018．王岐山设计王健可能用诈死．被杀事件使海航重组．将盗国财富合法化！王岐山已经开始出大招了！,,2018-07-10,https://www.youtube.com/watch?v=jSsZTSOzxBw,jSsZTSOzxBw
255,July 9th 2018．王健拍照死．孟的张明鹏院长被抓．709案件国际高度关注！代表着什么？,,2018-07-09,https://www.youtube.com/watch?v=cIB8JQTqYao,cIB8JQTqYao
256,20187月6日：王健不是正常死亡！真相既将大白于天下！很可能是王歧山干的！,,2018-07-06,https://www.youtube.com/watch?v=W3Pob0sqd_A,W3Pob0sqd_A
261,6/27/18,,2018-06-27,https://www.youtube.com/watch?v=kQg50ozJYpc,kQg50ozJYpc
262,6月25日. 房峰辉为什么问蒂斯这个？一个美国战亡士兵价值值中扺国一个连退休士命的命钱！,,2018-06-25,https://www.youtube.com/watch?v=Iyeruxcu6PY,Iyeruxcu6PY
263,6月17日．父亲节谈与政法委老领导的通话！请草根警察不要伤害遭受不公平的草根司机！,,2018-06-17,https://www.youtube.com/watch?v=WDaZbqehBKU,WDaZbqehBKU
273,6月2日接受安红女士．丘岳首先生釆访．纪念六四．及袁红冰．郭宝胜．赖建平的盗骗之劣术！,,2018-06-02,https://www.youtube.com/watch?v=LK1Vj5_jNu8,LK1Vj5_jNu8
274,6月1日．文贵视频为什么成为盗国贼的精神艾滋！,,2018-06-01,https://www.youtube.com/watch?v=v4KBkgzTEoc,v4KBkgzTEoc
275,531．不要将六．四悲剧变喜剧！马航客机失事新动向！,,2018-05-31,https://www.youtube.com/watch?v=-bqz1rDUJlE,-bqz1rDUJlE
280,5月27日：请战友一起反击所谓的文贵海外维稳民主人士阴谋！,,2018-05-27,https://www.youtube.com/watch?v=oRqcwpg3gl0,oRqcwpg3gl0
281,5月24日：栗战书秘书因为董文彪．曲龙．王岐山被抓！,,2018-05-24,https://www.youtube.com/watch?v=KBAqPuZGyqI,KBAqPuZGyqI
283,522号：谈与王岐山刘志华一起战斗的日子！,,2018-05-22,https://www.youtube.com/watch?v=Tnt4LY3YBNg,Tnt4LY3YBNg
284,5月17号：文贵谈马来西亚和委内瑞拉的信仰和理想,,2018-05-17,https://www.youtube.com/watch?v=Yc60O48jvVg,Yc60O48jvVg
289,2018年5月5日郭文贵先生连线路德访谈：揭露陈氏兄弟、专员以及机密文件更多相关内幕,2018年5月5日郭文贵先生连线路德访谈：揭露陈氏兄弟、专员以及机密文件更多相关内幕,2018-05-05,https://www.youtube.com/watch?v=NuqiUbA-Wy0,NuqiUbA-Wy0
295,4月28日金正恩是我们学习的坏榜样！,,2018-04-28,https://www.youtube.com/watch?v=gdto8t_beKU,gdto8t_beKU
296,4月26日：在西香格里拉酒店被抓嫖娼两位歌星是谁？,,2018-04-26,https://www.youtube.com/watch?v=6tooe9gOEF8,6tooe9gOEF8
297,郭文贵与陈志煜通话100%的原版视频。,,2018-04-25,https://www.youtube.com/watch?v=gB-HQklCmbA,gB-HQklCmbA
299,4月24日：在重庆公安认罪的陈氏兄弟是现任常委秘书的家人！,文贵与在重庆被逼认罪陈氏兄弟到底什么关系？他们到底是什么来路？他们去新加坡干什么了？他们和现任常委的秘书是什么关系？一切都是刚刚开始！重庆警察吹疯会这是给我们打击盗国贼的天大的礼物！,2018-04-24,https://www.youtube.com/watch?v=evMMXX-34DM,evMMXX-34DM
305,文贵在此庄严地严肃地向中南坑里的某些：妖和怪们．致以衷心的道歉，文贵不会让你们失望的！,,2018-04-20,https://www.youtube.com/watch?v=dQuo8XOV2GM,dQuo8XOV2GM
306,420．文贵将爆中南坑里的老婆．女儿！的性丑闻！,,2018-04-20,https://www.youtube.com/watch?v=KPgnK3BdUGI,KPgnK3BdUGI
307,419文贵谈明镜！,尊敬的战友们好．路德今天采访文贵被串改点击记录，局部限制观看！是谁将一个夜总会包装成了媒体！是什么原因让盗国贼如此恐惧！一切都是刚刚开始！,2018-04-19,https://www.youtube.com/watch?v=-OtFPN1cJxE,-OtFPN1cJxE
308,4月13日：文贵为什么要爆杨洁篪的料！,,2018-04-13,https://www.youtube.com/watch?v=DwFE_KUIBe4,DwFE_KUIBe4
310,在华盛顿的两天行程，夏夜良会不会在自己的家庭旅馆里按摄像头！,,2018-04-12,https://www.youtube.com/watch?v=THX9oeEUI_U,THX9oeEUI_U
311,4月10日：文贵谈见宝胜．与到底该不该反习！,,2018-04-10,https://www.youtube.com/watch?v=RObTJJ7Awv4,RObTJJ7Awv4
312,尊敬的战友们好：文贵为什么在华盛顿！,,2018-04-09,https://www.youtube.com/watch?v=vZRfOWaLib0,vZRfOWaLib0
315,王岐山抓吴晓辉是打邓家威胁美国总统的一箭多雕之计！,,2018-04-06,https://www.youtube.com/watch?v=OjH2f73EZw0,OjH2f73EZw0
316,4月5日文贵告诉您：吴晓辉的飞机上的牛人是谁！,,2018-04-05,https://www.youtube.com/watch?v=ZziR9o7OcL8,ZziR9o7OcL8
317,吴晓辉的飞机上藏着＂核武器＂！,,2018-04-04,https://www.youtube.com/watch?v=f7cAgnt9X5Q,f7cAgnt9X5Q
318,中国企业家都是盗国贼资本的代孕者！,"1 分鐘前
尊敬的战友们好：关于吴晓辉的事情……这是一个值得中国所有的私人企业家认真思考研究的重要案例，让大家知道真实的吴晓辉的事情……，对每个人都意义非凡，因为当每个人都了解中国的．＂政治经济市场＂和政治经济垄断而导致的灾难和他的真相后。它拥有非常重大的意义，每个人都应该从他的这件事情上学到看到＂中国任何一个企业家都是盗国贼资本代孕者＂的角色的悲哀……应该学到更多的应对措施……更好的保护自己与家人！一切都是刚刚开始！",2018-04-03,https://www.youtube.com/watch?v=AuIvzV2xwzU,AuIvzV2xwzU
319,吴晓辉如果要是王岐山外甥女婿结果会如何？,,2018-04-02,https://www.youtube.com/watch?v=6QL8SgA_ZfE,6QL8SgA_ZfE
320,香港股票市场．银行．律政司．如果全部被香港警方控制结果会是什么样子？,,2018-03-30,https://www.youtube.com/watch?v=S6haQYBPbhU,S6haQYBPbhU
323,香港警察如何黑抓我们的员工和钱？,,2018-03-29,https://www.youtube.com/watch?v=liomOb4aMqQ,liomOb4aMqQ
324,3月28日香港黑警察与金正恩访华！,,2018-03-28,https://www.youtube.com/watch?v=VftZM4IXzEM,VftZM4IXzEM
326,3月29日海航要重新洗牌．王岐山要干什么大事？,,2018-03-27,https://www.youtube.com/watch?v=d4kiWiGkoaI,d4kiWiGkoaI
327,为什么他们让一个女人祼体站几个小时？,,2018-03-26,https://www.youtube.com/watch?v=YRycrqw4eCs,YRycrqw4eCs
329,未命名,,2018-03-24,https://www.youtube.com/watch?v=CqGI7Vxz_xc,CqGI7Vxz_xc
330,20183月21日江．曾．两家是如何以65%的利息放高利贷的！,,2018-03-21,https://www.youtube.com/watch?v=eoZjhp-cfvI,eoZjhp-cfvI
331,尊敬的战友们好：今天我们完成了对．谣言．诽谤．威胁．文贵的陈军先生．袁健斌先生．林宇丹女士(美猴王)三个人的控告！我们绝不会忘掉一个帮助我文贵的任何一个恩人！也不会放过一个伤害我们的坏人！,尊敬的战友们好：今天我们完成了对．谣言．诽谤．威胁．文贵的陈军先生．袁健斌先生．林宇丹女士(美猴王)三个人的控告！我们绝不会忘掉一个帮助我文贵的任何一个恩人！也不会放过一个伤害我们的坏人！一切都是刚刚开始！🙏🙏🙏😹😹😹,2018-03-20,https://www.youtube.com/watch?v=ynVqxUe0Iuo,ynVqxUe0Iuo
332,3月20日文贵报平安视频．盗国贼靠吴征等能依法治国！实现中国梦吗？,,2018-03-20,https://www.youtube.com/watch?v=6Jb9XKRQZ0A,6Jb9XKRQZ0A
333,2018年3月18日．文贵再谈如何掏肛盗国贼,3月17日文贵再与老领导通电话．谈王岐山的回炉的问题,2018-03-18,https://www.youtube.com/watch?v=ibGKN0246qE,ibGKN0246qE
334,文贵如何看王岐山当选副主席郭七条变不变！喜马拉雅的法治中国目标还能实现吗？,文贵望王岐山．还国与民！一切都是刚刚开始！,2018-03-17,https://www.youtube.com/watch?v=PIkVuT32Vjs,PIkVuT32Vjs
336,文贵推特拉黑了谁？如何用智慧铲灭盗国贼！,,2018-03-16,https://www.youtube.com/watch?v=uM4nic1nFRU,uM4nic1nFRU
343,文贵看春晚之十五，英雄战歌最后的战役,,2018-02-18,https://www.youtube.com/watch?v=AEpiv4iv_GE,AEpiv4iv_GE
359,2018年1月15号文贵谈蓝金黄陈小平的夫人，孟建柱、王歧山一手策划假报习家财富,2018年1月15号文贵谈蓝金黄陈小平的夫人，孟建柱、王歧山一手策划假报习家财富,2018-01-15,https://www.youtube.com/watch?v=wECnPUSZrf4,wECnPUSZrf4
360,2018年1月4号文贵谈习主席李克强两个领导人的女儿进入北大的背后故事,2018年1月4号文贵谈习主席李克强两个领导人的女儿进入北大的背后故事,2018-01-04,https://www.youtube.com/watch?v=B8ex8m1jbU0,B8ex8m1jbU0
369,2017年12月23日郭文贵直播：关于盘古被掠夺、蛆聋等8个伪类的诉讼，以及下一步的爆料计划，文贵向北京再次提出条件,2017年12月23日郭文贵直播：关于盘古被掠夺、蛆聋等8个伪类的诉讼，以及下一步的爆料计划，文贵向北京再次提出条件,2017-12-23,https://www.youtube.com/watch?v=OAq2aGC3MrQ,OAq2aGC3MrQ
370,12月12日：文贵给即将在大连被冤审的员工及家人的誓言；谈小平妻子失踪，法新社采访，华涌及乱运8分子,,2017-12-12,https://www.youtube.com/watch?v=AsBoFhUW7n4,AsBoFhUW7n4
375,2017年11月27日报平安视频：郭文贵纽约的房子的价格为什么发生了问题？,这是文贵新的直播平台：请推友们关注！✊️✊️✊️ https://livestream.com/accounts/26378419,2017-11-27,https://www.youtube.com/watch?v=2vlkgs3RKW4,2vlkgs3RKW4
377,郭文贵11月26日报平安视频,,2017-11-26,https://www.youtube.com/watch?v=EQZrTPqUQaQ,EQZrTPqUQaQ
378,文贵感恩节报平安视频🙏🙏🙏,,2017-11-23,https://www.youtube.com/watch?v=cRTODtnLAhE,cRTODtnLAhE
379,郭文贵11月21日报平安视频,文贵反什么样的民运？李洪宽玩丢了的老婆孩子……重金悬赏女士揭发李伟东李洪宽等……骚拢女性！✊️✊️✊️,2017-11-21,https://www.youtube.com/watch?v=9fzY7z0bgdw,9fzY7z0bgdw
380,11月18日郭文贵报平安视频,11月18日郭文贵报平安视频,2017-11-18,https://www.youtube.com/watch?v=m3z_n3JMLxo,m3z_n3JMLxo
383,文贵11月12日在：川普总统的马阿拉哥庄园与网友们聊聊天！✊️✊️✊️（1）,,2017-11-12,https://www.youtube.com/watch?v=7uA9Q90T3U0,7uA9Q90T3U0
385,文贵11月10号酒后试试另一种方式的录播！一切都是刚刚开始！✊️✊️✊️,,2017-11-10,https://www.youtube.com/watch?v=TpHpZ_TQJjE,TpHpZ_TQJjE
386,11月8日文贵twitter再次被封7天后的报平安视频,,2017-11-08,https://www.youtube.com/watch?v=-7IpNljrGkA,-7IpNljrGkA
388,郭文贵11月1日报平安直播：“谁抓判文贵的家人？”什么时候报下两个常委的料！✊️✊️✊️,,2017-11-01,https://www.youtube.com/watch?v=YF7Mgr6oMnc,YF7Mgr6oMnc
389,2017年10月31日 关于郭文贵家人再次被捕被判视频,,2017-10-31,https://www.youtube.com/watch?v=ZUhP6U9bOsY,ZUhP6U9bOsY
390,2017年10月27日 文贵报平安视频,"Guo Wengui  2017/10/27 ""ALL IS WELL"" VIDEO",2017-10-27,https://www.youtube.com/watch?v=ryBala76EzY,ryBala76EzY
391,2017年10月26日 郭文贵直播 十九大后爆料计划,,2017-10-26,https://www.youtube.com/watch?v=uT-WsV7eThU,uT-WsV7eThU
397,第二季第二集：孟建柱的最爱的情人，与政法黑暗到什么程度，除了杀人灭口，他们为什么要杀掉雷洋？杨澜为什么子宫切除？吴征为什么要参与杀雷洋？以黑占有当事人的巨额财富！如何欺骗习主席，党中央！,,2017-09-15,https://www.youtube.com/watch?v=EZ798Cm2SbM,EZ798Cm2SbM
398,郭文贵9月13日直播：姚依林王岐山孟建柱孙力军傅政华的生殖器治国首篇！姚依林与姚明瑞．刘呈杰．刘新扬的乱伦！刘呈杰的法人爹是谁？,,2017-09-13,https://www.youtube.com/watch?v=q3Ed2mwFsjs,q3Ed2mwFsjs
401,郭文贵9月7日报平安直播：是孙力军．孟建柱．傅政华．王岐山．的凶恶．促使文贵决定美国政治屁护！,,2017-09-07,https://www.youtube.com/watch?v=xW5TzUkUjrw,xW5TzUkUjrw
404,郭文贵9月4号报平安直播视频，关于鲍彤先生痛心我与老领导见面的音频，几个问题得澄清！✊️✊️✊️,,2017-09-04,https://www.youtube.com/watch?v=E9GeTXTw7rM,E9GeTXTw7rM
511,郭文贵5月13日报平安直播视频（完整版）,,2017-05-13,https://www.youtube.com/watch?v=IaX9oLXi7z0,IaX9oLXi7z0
607,6月10号，文贵报平安再谈，上天送给我的几个巨大的礼物？,,2019-06-10,https://www.youtube.com/watch?v=AdviVJtMY_4,AdviVJtMY_4
659,2019-07-21 郭文贵直播：爆料革命进入全球共同灭共的新时代,,2019-07-21,https://www.youtube.com/watch?v=HfLijUM3wNE,HfLijUM3wNE
537,"郭文贵先生2月27日直播：道家高人:""民心向郭，习亡岐山乂""。","感谢同时欢迎订阅我们的新频道
战友之声直播
https://www.youtube.com/channel/UCdWxcRRnVa4FeLZ85Rx_WDw
战友之声2019
https://www.youtube.com/channel/UCM8t0FbweERXYrxqIk3y7wg

Discord简易入口 https://vog.media
;Discord语音互动入口 https://discord.gg/ZhGK3EA
欢迎关注战友之声 推特 @XMY2018
加入郭媒体 https://www.Guo.Media
电报群入口 https://t.me/freedomchina2018
战友之声youtube主页 http://youtu.vog.media
分享、点赞、评论、订阅、是对战友之声最好的支持

#郭文贵 #爆料 #战友之声",2019-02-27,https://www.youtube.com/watch?v=iEc3K3lT6IE,iEc3K3lT6IE
544,2019年4月29日：台湾．香港．将是灭共的重要之地……谷畜生侮骂一亿河南同胞必须受惩罚！,,2019-04-29,https://www.youtube.com/watch?v=1xG7TCT94Q0,1xG7TCT94Q0
545,2019年5月1日从委内瑞拉革命，我们可以得到如何保护台湾和香港快速灭共的最佳办法，什么是尿脸党！,,2019-05-01,https://www.youtube.com/watch?v=FU0GR6uW-ro,FU0GR6uW-ro
546,2019年5月2日：毛泽东，邓小平，妈祖．给我托梦了．人民大会堂委内瑞拉，台湾香港要出大事儿．郭台铭的梦是假的，哈哈哈哈，一切都是刚刚开始。,,2019-05-02,https://www.youtube.com/watch?v=wAfO_HyKGdk,wAfO_HyKGdk
548,3rd may 2019 (2)2017年的5月3号和2018年的5月3号都发生了哪些重大事件，文贵与大家分享一些过去没有讲过的事情。,,2019-05-03,https://www.youtube.com/watch?v=-8P-o86oNF8,-8P-o86oNF8
550,5月4日：小夏与文贵谈四一九VOA断播背后的真相,,2019-05-04,https://www.youtube.com/watch?v=UGKW7FCDucM,UGKW7FCDucM
552,"May 6, 2019文贵直播谈谈，为什么川普总统要突然间的停掉，中美贸易协定共产党必须还回属于14亿中国人民的一切财富一切权力！",,2019-05-06,https://www.youtube.com/watch?v=iIrHro8KsxY,iIrHro8KsxY
554,"May 7, 2019共产党被推倒，释放所有监狱里的犯人．土地拥有权归人民所有．西藏，新疆，台湾．香港实施百分之百的自治！你们觉得可能吗？",5月7号：尊敬的战友们好，你们健身了吗？你们往身上泼水了吗？昨天晚上孔子．老子．孙子．秦始皇．汉武帝．毛泽东．邓小平．集体开会后给我托梦了……让我在这儿奉旨胡说八道，如果大家觉得真是胡说八道就当是梦话，如果大家觉得有道理啊，请大家直接打电话给以上人员核实．电话号码王岐山孟建柱孙立军战友，请大家去跟他们要电话号码吧。……推翻共产党以后，台湾，香港，新疆，西藏，广东，应该马上实行中国人民特色的联邦自治式政治制度……全国的土地拥有权归还人民．媒体独立．司法独立．军队国家化．教育免费．医疗免费！马上降，现在中国所有监狱的人释放恢复自由，马上叫海外到过谁的钱归还给中国人民……免去所有中国人欠所谓银行的债务．建立世界和平相处的千种办法！让中国人成为世界上最受欢迎的人！一切都是刚刚开始！,2019-05-07,https://www.youtube.com/watch?v=d5sGf98nfbQ,d5sGf98nfbQ
555,2019年5月8日5月8号：尊敬的战友们好，你们健身了吗？文贵聊聊．为什么中方要求美方不能公开中美的贸易协议内容！为什么文贵的梦语．郭九条．在国内引起了巨大的反响！一切都是刚刚开始！,,2019-05-08,https://www.youtube.com/watch?v=uDV1AjSpcDs,uDV1AjSpcDs
558,5月11日：文贵谈中美贸易谈判失败的真正原因，台湾和香港人民的未来,,2019-05-11,https://www.youtube.com/watch?v=7mzapnARcBA,7mzapnARcBA
559,5月12日：母亲才是我们的国．父母才是我们的家！我们的家！愿中国所有的母亲，不要把自己的儿女送给共产党这个非法组织！任何一个加入共产党的家庭都有可能将受到全世界的制裁，未来无法到世界各地上学！,,2019-05-12,https://www.youtube.com/watch?v=MwlPUlmehzU,MwlPUlmehzU
567,2018年9月19日  明镜专访郭文贵第六期 一切仍是刚刚开始 一切都是刚刚开始,2018年9月19日  明镜专访郭文贵第六期 一切仍是刚刚开始 一切都是刚刚开始,2017-11-19,https://www.youtube.com/watch?v=XbV28QhAv38,XbV28QhAv38
573,2018/7/18郭文贵先生lns直播视频：昨天直播在国内炸了锅，中大使馆威胁国际刑警不要插手，在采取外交行动，普托旺斯的居民都想和文贵合,"嘉宾观点，不代表本频道观点！
欢迎观众订阅路德社：https://www.youtube.com/channel/UChn0KgNrPmUj5WtF_Z56EFQ?pbjreload=10
路德访谈：https://www.youtube.com/channel/UCm3Ysfy0iXhGbIDTNNwLqbQ?pbjreload=10
加入discord聊天室：https://discord.gg/ZhGK3EA",2018-07-18,https://www.youtube.com/watch?v=rvD1wp6IHKU,rvD1wp6IHKU
592,5月25日文贵直播：G20会议将是美中新游戏开始！,,2019-05-25,https://www.youtube.com/watch?v=nTvKW2f31Co,nTvKW2f31Co
596,6月1号：文贵报平安直播！无论任何方式的任何人的＂偷＂都是错的．都应感到可耻……我们今天的爆料革命！就是为了我们中国儿童！有一个美好的健康的国家和未来！,6月1号：文贵报平安直播！无论任何方式的任何人的＂偷＂都是错的．都应感到可耻……我们今天的爆料革命！就是为了我们中国儿童！有一个美好的健康的国家和未来！绝不能再让我们的孩子．受共产党的流氓思想．和流氓权力控制．香港的林郑月娥的让香港人永远不安全没有未来的巜逃犯法》必须停止！！！！否则林郑月娥另外的两个恶法会接踵而来……将彻底灭掉香港700万人的一切一切……我们决不答应！！！！一切都是刚刚开始！,2019-06-01,https://www.youtube.com/watch?v=U_VMtjH2ogE,U_VMtjH2ogE
597,6月2日：班农与郭文贵谈林郑卖港、6月4日新中国建国日、欧洲反共革命,,2019-06-02,https://www.youtube.com/watch?v=xgomGO_Y8Wo,xgomGO_Y8Wo
599,"June 5, 2019：庞皮奥的讲话与香港6.9日大游行……",,2019-06-05,https://www.youtube.com/watch?v=E0lcdailVfg,E0lcdailVfg
600,5月7日：香港的事真搞大了……,,2019-06-07,https://www.youtube.com/watch?v=ko4vMKqiUk8,ko4vMKqiUk8
609,6月13号：尊敬的战友们好，你们健身了吗？从香港反送中抗议运动看到了．人心．信仰．虚假．欺骗．各种人性的表演，共产党的邪恶远远超出人们的想象，对14亿同胞和香港人民的威胁和残害程度……,6月13号：尊敬的战友们好，你们健身了吗？从香港反送中抗议运动看到了．人心．信仰．虚假．欺骗．各种人性的表演，共产党的邪恶远远超出人们的想象，对14亿同胞和香港人民的威胁和残害程度……在这一次抗议运动中充分的表现了出来，我们必须和香港同胞在一起，这是良知与人性最基本的选择，一切都是刚刚开始！,2019-06-13,https://www.youtube.com/watch?v=keteLru6Me8,keteLru6Me8
613,6月14日文贵直播：林郑月娥提出辞职，取消”逃犯条例”；叶刘淑仪提出硬挺通过”逃犯条例”,,2019-06-15,https://www.youtube.com/watch?v=VjA8fAMpTmE,VjA8fAMpTmE
622,2019.6.20  王毅讲的潘多拉盒子是什么意思?,,2019-06-20,https://www.youtube.com/watch?v=mZw1Rayc-S0,mZw1Rayc-S0
626,2019年6月23日：聊聊细丝小哥和庄列宏先生这＂两只黑手＂路德先生直播中发生的紧急事件。念从心起 力量无比 念念不忘 必有回响,,2019-06-23,https://www.youtube.com/watch?v=Eup0BV12JII,Eup0BV12JII
628,6月25号：文贵报平安直播！从香港的成功抗议行动！和近几天共产党的统一宣传口径！让我们看到了过去两年爆料革命所面临的挑战和！但是我们赢了过去的两年……以法灭共．以美灭共……郭七条．是我们最核心的战略！,,2019-06-25,https://www.youtube.com/watch?v=ERbRM77FWH8,ERbRM77FWH8
630,6月26日郭文贵先生直播：谈香港游行的中共黑手，东南西北四方围剿中共正在收网,6月26日郭文贵先生直播：谈香港游行的中共黑手，东南西北四方围剿中共正在收网,2019-06-26,https://www.youtube.com/watch?v=38MI-3Et2fw,38MI-3Et2fw
635,2019.06.29. 郭文贵直播:  G20有...... 协议？爆料革命大胜,2019.06.29. 郭文贵直播:  G20有...... 协议？爆料革命大胜,2019-06-29,https://www.youtube.com/watch?v=9uQpvxqIG7c,9uQpvxqIG7c
638,2019 年6月30日  班农 文贵谈:G20 香港 台湾 北朝鲜,2019 年6月30日  班农 文贵谈:G20 香港 台湾 北朝鲜,2019-06-30,https://www.youtube.com/watch?v=FjqGCuWvv18,FjqGCuWvv18
641,2019.7.1 -  文贵在DC直播  讲香港七.一大游行......,2019.7.1 -  文贵在DC直播  讲香港七.一大游行......,2019-07-01,https://www.youtube.com/watch?v=LmV-YTdE2xw,LmV-YTdE2xw
648,王岐山又出手 王健“活该死”；及香港抗议将引发的CCP灭亡第一战的意义,王岐山又出手 王健“活该死”；及香港抗议将引发的CCP灭亡第一战的意义,2019-07-07,https://www.youtube.com/watch?v=CcO4oCda6pg,CcO4oCda6pg
650,2019年7月7日  郭文贵直播：爆料革命当中扮演的重要角色……并希望能给更多战友加入郭媒体……一切都是刚刚开始！,2019年7月7号：文贵衷心地感谢．听写组的默默的工作的所有的兄弟姐妹们！和对爆料革命．默默付出所有的兄弟姐妹们！文贵再谈郭媒体．在爆料革命当中扮演的重要角色……并希望能给更多战友加入郭媒体……一切都是刚刚开始！,2019-07-08,https://www.youtube.com/watch?v=y8aeJ9ku_SY,y8aeJ9ku_SY
652,7月8日：文贵是双面间谍？？？😹😹😹,,2019-07-08,https://www.youtube.com/watch?v=uNaYu8RRLJE,uNaYu8RRLJE
653,9月4日郭文贵先生:“林四条”会让香港人民更加团结!香港自贸区即将取消!中共“大湾区”胎死腹中!,"9/4/2019
Mr. Miles Kwok: Carrie Lam and the four remaining core demands will further unite the people of Hong Kong. The revocation of the free trade zone and the stillbirth of the CCP's Greater Bay Area",2019-09-04,https://www.youtube.com/watch?v=Adgz7O8KOfU,Adgz7O8KOfU
654,7月9号：尊敬的战友好！你们健身了吗？你们往身上泼水了吗？香港逃犯法为什么死亡了？香港还会有抗议吗？会实现双普选吗？一切都是刚刚开始！,,2019-07-09,https://www.youtube.com/watch?v=FsEU_GOvuMc,FsEU_GOvuMc
655,7月10号：尊敬的战友们好．不要计较任何的名．利．不要评价香港的抗议运动的阶段性的得失……我们只有一个目标．灭共．其他都不重要，一切都是刚刚开始！,,2019-07-10,https://www.youtube.com/watch?v=DS2GE-aH0sc,DS2GE-aH0sc
656,7月12号：文贵报平安直播！蔡英文访问纽约．和香港接下来的行动．大版G20的结果已经影响了美国内部的政治！一切都是刚刚开始！,,2019-07-12,https://www.youtube.com/watch?v=iBEvoTgyVFM,iBEvoTgyVFM
657,2019-7-14；班农与文贵直播: 共产党为什么可以强奸美国70年？,2019-7-14；班农先生与文贵先生直播: 共产党为什么可以强奸美国70年？ 共产党正在飞速地走向死亡 新中国即将到来 / Mr. Bannon and Wengui discuss: Why has the communist party gotten away with raping the US for 70 years?,2019-07-14,https://www.youtube.com/watch?v=WCvIFWfzaSw,WCvIFWfzaSw
658,7月15号：盘古大观在7月14号被北京高院公告……将以实际价格的10％被拍卖……实际的背后的黑手就是江泽民．和江志成．孟建柱和孙力军……王岐山！这就是过去两周他们要栽赃文贵．、……,,2019-07-15,https://www.youtube.com/watch?v=OGbEnYaOGcs,OGbEnYaOGcs
661,7月23号尊敬的战友们好！你们健身了吗？你们往身上泼水了吗？一切都是刚刚开始！,,2019-07-23,https://www.youtube.com/watch?v=VlnO6oAuKEc,VlnO6oAuKEc
662,2019:7:23 郭文贵先生直播[完整版]  李鹏为什么一见人就问  89年当时你在哪？为了啥？,,2019-07-23,https://www.youtube.com/watch?v=xy_xspZ1afo,xy_xspZ1afo
663,7月24号：尊敬的战友们好，你们健身了吗？你们往身上泼水了吗？衷心的祝愿和祝福所有的在国内．在水灾同胞们能尽快的恢复到正常的生活……我们的心和你们在一起，一切都是刚刚开始！,,2019-07-24,https://www.youtube.com/watch?v=aKvdjrRyhI4,aKvdjrRyhI4
664,2019年7月25日文贵报平安直播，请战友们记住7月21号7月23号7月24号7月25号一切都是刚刚开始,,2019-07-25,https://www.youtube.com/watch?v=k3H1fqYe3xA,k3H1fqYe3xA
668,019.7.29 郭文贵直播：香港发生了什么情况 中共在以日计的步伐奔向灭亡,,2019-07-29,https://www.youtube.com/watch?v=jGqEttyj-vk,jGqEttyj-vk
669,2019-07-31 文贵报平安直播 ：乱聊上海西郊宾馆 开启CCP死亡第二战场,,2019-07-31,https://www.youtube.com/watch?v=1Rr3rtFyJLc,1Rr3rtFyJLc
672,2019年8月5日：香港大劫在即……希望香港的四个不要脸群体．能站在正义的一边帮助上街的孩子们。,,2019-08-05,https://www.youtube.com/watch?v=Ln8zyTVSpSw,Ln8zyTVSpSw
673,2019-08-06 郭文贵先生直播  谈美国将中共定位汇率操纵国的意义,,2019-08-06,https://www.youtube.com/watch?v=zyFjtpuuvSc,zyFjtpuuvSc
674,2019-08-08  郭文贵先生报平安直播：中共对世界布下的天罗地网 并不能阻止中共灭亡的步伐,,2019-08-08,https://www.youtube.com/watch?v=5ztJSYWTP1w,5ztJSYWTP1w
676,20190 8 9  郭文贵先生船上报平安直播,,2019-08-09,https://www.youtube.com/watch?v=Mm1tSv0HRD4,Mm1tSv0HRD4
683,2019年8月14日 郭文贵报平安 美国已秘密调查 中共 安插在香港警队中的PLA 操纵美国股市,,2019-08-14,https://www.youtube.com/watch?v=caTFBSkQhKo,caTFBSkQhKo
799,12/01/2019 郭文贵先生直播,https://qrco.de/bbKact,2019-12-01,https://www.youtube.com/watch?v=8X1Ng4Lp3oE,8X1Ng4Lp3oE
686,2019-08-17 （中文频道-录制版）班农与文贵先生谈：香港危机 美国即将必须采取的行动,,2019-08-17,https://www.youtube.com/watch?v=7qNil8UGsY0,7qNil8UGsY0
689,8月20日文貴直播：王岐山的侄子搶奪盤古大關的 “斬龍刀”！和西方媒體面對的司法審判的改變！,,2019-08-20,https://www.youtube.com/watch?v=X9SPoGt9Ts0,X9SPoGt9Ts0
690,2019-08-23  郭文贵先生直播：习近平和川普总统会互相宣布成为敌人吗？习近平为什么说川普不是我的朋友？,,2019-08-23,https://www.youtube.com/watch?v=1M3UeO5GWK4,1M3UeO5GWK4
692,2019年8月27日紧急，👉新闻】8月27日：这些招数的出台．才是共产党要拿下香港的真实目的！暴露了共产党要彻底拿下香港规划已久的野心！这不仅仅是一个＂香港戒严法＂这是要毁灭香港,,2019-08-27,https://www.youtube.com/watch?v=PJW_zshCPQE,PJW_zshCPQE
700,9月3日郭文贵先生在华盛顿直播，谈9月3号CCP将真正对香港进行戒严计划，目前所有焦点都关注香港！,,2019-09-03,https://www.youtube.com/watch?v=EHL_i3ptIXc,EHL_i3ptIXc
701,9月3日晚间郭文贵先生华盛顿直播：香港将是东西方大战导火线．什么是中共所谓的新型大国关系！,"9/3/2019 Guo Wengui's live evening broadcast from Washington D.C.
Hong Kong, the fuse that will ignite a major war between East and West. What is the CCP's so-called new model of great power relations?",2019-09-03,https://www.youtube.com/watch?v=aorfMFJY9Ng,aorfMFJY9Ng
706,9月8日郭文贵先生直播：美国国会山开山“灭共助港”，李小加港交所期货交易当机玩儿大了！中共如何用通货膨胀奴役中国人民！,"9/8/2019
Mr. Guo Wengui's live broadcast: Efforts in the US to aid Hong Kong and vanquish the CCP to begin on Capitol Hill. Li Xiaojia and the futures crash at the Stock Exchange of Hong Kong have upped the ante. How the CCP uses inflation to enslave the Chinese people",2019-09-08,https://www.youtube.com/watch?v=s-gDXDfU9tY,s-gDXDfU9tY
707,9月9号：尊敬的战友们好！你们健身了吗？你们传播香港危机的真相了吗？为什么香港的富豪．被威胁他们隐蔽海外资产共产党可以没收！昨天香港的金融市场再次地被共产党用电脑控制，这意味着什么？一切都是刚刚开始！,,2019-09-09,https://www.youtube.com/watch?v=GqlA6KskGaw,GqlA6KskGaw
708,2019年9月11日郭文贵先生直播：博尔顿离开白宫内幕！全世界各方面灭共人士灭共力量大聚集！,"9/11/2019 Mr. Guo Wengui's live broadcast: The inside story behind Bolton's departure from the White House. The grand assembly of diverse, anti-CCP forces worldwide.",2019-09-11,https://www.youtube.com/watch?v=zcCHyx-AKps,zcCHyx-AKps
719,2019年9月17日郭文贵先生直播：马云儒学也得肛门癌，还有大佬会出事，体制内战友要安全的支持爆料革命，香港人要时刻提防CCP灭绝人性的行动,,2019-09-17,https://www.youtube.com/watch?v=rPRYzVQ_PoQ,rPRYzVQ_PoQ
724,2019年9月22日郭文贵先生直播：CCP突发三大战役挑战全球，妄图共产天下，垂死挣扎！,,2019-09-22,https://www.youtube.com/watch?v=giO0Ve3ZlLo,giO0Ve3ZlLo
726,2019年9月24日郭文贵先生报平安直播；红烧肉真香，ccp给人民吃瘟猪肉，还把阅兵后的帅哥美女按领导级別分配，美女当小三，帅哥当领导夫人保镖.,"9/24/2019 Mr. Guo Wengui's live broadcast: Braised pork may be tasty, but the CCP offers it's people swine fever pork. After the military parade, good-looking young men and women will be assigned to serve leaders based on those leaders' rank. The women  will become mistresses while the men will become bodyguards for the leaders' wives.",2019-09-24,https://www.youtube.com/watch?v=-DVuAoxmwxM,-DVuAoxmwxM
727,2019年9月24日郭文贵先生和江财神路德三人谈政治经济爱情以及外星人！妄图弹劾总统是好事！,,2019-09-24,https://www.youtube.com/watch?v=aWFxgmIArf8,aWFxgmIArf8
728,2019年9月28日：香港即将迎来关键一战，国庆就是CCP的末日，美将清算盗国贼资产，以美灭共，依法灭共，以共灭共的伟大时代已经来临！,,2019-09-28,https://www.youtube.com/watch?v=-kHpg2_ocNQ,-kHpg2_ocNQ
729,2019年9月27日文贵班农与Kathy女士直播：江泽民震惊发言：中国要出事！你们准备后路吧！！国庆阅兵没几个国家会参加，川普总统的弹劾程序和对中共的制裁将有大戏上演！,,2019-09-28,https://www.youtube.com/watch?v=RkS83g1uhDU,RkS83g1uhDU
730,2019年9月29日郭文贵先生班农先生连线北京姑娘聊天室，颤抖吧中南坑，盘古发力之日就在2020年！,,2019-09-29,https://www.youtube.com/watch?v=uhdhC2zUGuE,uhdhC2zUGuE
732,2019年10月1日郭文贵先生与班农先生连线各地战友，传播香港抗议现场、解读国际重大事件，揭露中共十一国庆真相！上,,2019-10-02,https://www.youtube.com/watch?v=7lPsLPwYLzQ,7lPsLPwYLzQ
733,2019年10月4日郭文贵先生直播谈香港动用紧急法，出台禁止蒙面条例,,2019-10-04,https://www.youtube.com/watch?v=4amyIyLBr5A,4amyIyLBr5A
734,2019年10月5日郭文贵先生与MIZ宙斯小队连线直播爆料中南坑秘闻，分享生活，爱情。,,2019-10-05,https://www.youtube.com/watch?v=UrKIvS4TpPo,UrKIvS4TpPo
737,2019年10月7日郭文贵先生直播谈第一次在美受威胁，CCP染指NBA，接下来会有一大波挑拨文贵和美国、班农及法治基金关系和战友的炒作,,2019-10-07,https://www.youtube.com/watch?v=NqUQ2Tbjzwo,NqUQ2Tbjzwo
739,2019年10月9日郭文贵先生报平安直播：港人的好日子要来了，美对CCP将有雷霆行动，不仅仅制裁,,2019-10-09,https://www.youtube.com/watch?v=tb8g1GPhmkE,tb8g1GPhmkE
740,2019年10月10日报平安直播：台湾双十国庆 关注王岐山美国双十会谈中共诡计是否会得逞,,2019-10-10,https://www.youtube.com/watch?v=YZYSaddtORk,YZYSaddtORk
741,2019年10月12日郭文贵先生直播：中美达成的初步协议  对爆料革命无影响，但绝对是最糟糕；香港同胞最受影响；灭共要靠我们自己！,,2019-10-12,https://www.youtube.com/watch?v=f05ecZCNrbs,f05ecZCNrbs
744,"2019年10月13日郭文贵先生报平安直播：传播香港真相，反对暴力，中共启动大量沉默力量挑拨离间战友, 美国将严加製裁， 只有灭掉共产党人类才有未来",,2019-10-13,https://www.youtube.com/watch?v=fKdRXLm0Vmk,fKdRXLm0Vmk
745,2019年10月14日郭文贵先生在游艇机舱报平安直播,,2019-10-14,https://www.youtube.com/watch?v=EG0M1TThx_4,EG0M1TThx_4
746,2019年10月15日郭文贵先生船上直播：天主教徒、基督教徒是香港的主力！别天真！远离伪民运！郭先生被共产党抢劫500亿现金！是中美贸易500亿的净利润的至少10倍！,,2019-10-15,https://www.youtube.com/watch?v=EpF2fY-zeqw,EpF2fY-zeqw
747,2019年10月18日郭文贵先生与战友们聊天：美国引领全球反共，港人宁死不屈，是反共先锋！,,2019-10-18,https://www.youtube.com/watch?v=RXSg_SKlEI4,RXSg_SKlEI4
749,2019年10月21日郭先生第二次紧急直播：陈彦霖是枉死，共产党准备了多处灭尸毁证机构,,2019-10-21,https://www.youtube.com/watch?v=QMoECb3GO4k,QMoECb3GO4k
751,2019年10月22日郭文贵先生直播：乌镇“污脸”网大会，BAT帮助CCP迫害战友西藏新疆同胞、去彭斯副总统推特下面留言为他演讲加油！,,2019-10-22,https://www.youtube.com/watch?v=I9mSO17bEg4,I9mSO17bEg4
752,2019年10月23日郭文贵先生直播：中共将低头认错秋后算账解决香港问题弱化彭斯副总统演讲，灭共是赚大钱的生意！王岐山危险了！,,2019-10-23,https://www.youtube.com/watch?v=lLESC4M0yuc,lLESC4M0yuc
753,2019年10月25日直播谈中国同胞39名惨死偷渡英国途中，文贵先生解读彭斯演讲，四中全会党内将人头滚滚,,2019-10-25,https://www.youtube.com/watch?v=60Eyh6hPJNM,60Eyh6hPJNM
756,2019年10月25日郭文贵先生跟路德再谈直播彭斯副总统演讲的重大意义,,2019-10-28,https://www.youtube.com/watch?v=1Ftgocvypto,1Ftgocvypto
757,2019年11月2日文贵谈共产党即将倒闭的三个重要元素,2019年11月2日文贵谈共产党即将倒闭的三个重要元素,2019-11-02,https://www.youtube.com/watch?v=GOs1cLFAo9g,GOs1cLFAo9g
761,2019年10月30日特别节目文贵和sara、路德、江财神在喜马拉雅大使馆谈区块链,直播入口：https://livestream.com/accounts/27235681/events/8197481,2019-10-30,https://www.youtube.com/watch?v=jTmOKwwtiEw,jTmOKwwtiEw
765,Rolfoundation法治基金 Live Stream,,2019-11-06,https://www.youtube.com/watch?v=kEJgQpqJcno,kEJgQpqJcno
766,Rolfoundation法治基金 Live Stream,,2019-11-07,https://www.youtube.com/watch?v=3dM7LhAshkQ,3dM7LhAshkQ
767,2019年11月9日郭文貴先生報平安直播谈尹队长上路德节目打响以共灭共第一枪,,2019-11-09,https://www.youtube.com/watch?v=llXaA4Ii3f4,llXaA4Ii3f4
768,2019年11月10日郭文貴報平安直播 滅共已經在經濟政治領域中成為最時髦的話題,,2019-11-10,https://www.youtube.com/watch?v=mzu1ryqWyuw,mzu1ryqWyuw
769,11/11/2019 文贵与班农关于香港最新局势紧急直播,,2019-11-11,https://www.youtube.com/watch?v=_5itfx-NTFQ,_5itfx-NTFQ
770,11/12/2019 郭文贵先生关于香港最新局势紧急直播,,2019-11-12,https://www.youtube.com/watch?v=zc81QQqKyuY,zc81QQqKyuY
772,2019年11月7日郭文贵直播,,2019-11-14,https://www.youtube.com/watch?v=NhUw8olfOcs,NhUw8olfOcs
779,2019年11月14日郭文贵先生华盛顿直播：香港一定赢！,直播入口：https://livestream.com/accounts/27235681/events/8197481,2019-11-14,https://www.youtube.com/watch?v=BzgBgUUuDOY,BzgBgUUuDOY
780,11/14/2019 郭文贵先生路上直播,,2019-11-14,https://www.youtube.com/watch?v=1ZTkwd3FSRc,1ZTkwd3FSRc
783,11/15/2019 郭文贵先生报平安直播 建议香港前线勇武义士战术性转进 在香港沦陷区进入潜伏状态 蛰伏保留实力,,2019-11-15,https://www.youtube.com/watch?v=pMWpxjq6HsI,pMWpxjq6HsI
784,2019年11月16日郭文贵先生报平安直播,直播入口：https://livestream.com/accounts/27235681/events/8197481,2019-11-16,https://www.youtube.com/watch?v=bpBeU44-gg8,bpBeU44-gg8
785,11月17日，文贵对香港理工大学即将发生的人道危机提出的个人看法。,,2019-11-17,https://www.youtube.com/watch?v=hfhWTf1V2rU,hfhWTf1V2rU
788,2019年11月18日香港理工大事件的背后故事和王建到底是怎么死的！,,2019-11-18,https://www.youtube.com/watch?v=y5NDyeu3kFk,y5NDyeu3kFk
790,11月19号文贵报平安11月20号的一整天直播的大概安排和香港理工大的背后故事。,,2019-11-19,https://www.youtube.com/watch?v=OQg74dcFWsU,OQg74dcFWsU
791,11/20/2019 郭文贵先生1120一周年再次联手定点爆破 王健之死浮出水面,https://qrco.de/bbKact,2019-11-20,https://www.youtube.com/watch?v=RAQvqtpT0EA,RAQvqtpT0EA
792,11/23/2019 郭文贵先生报平安直播,https://qrco.de/bbKact,2019-11-23,https://www.youtube.com/watch?v=JJv3ypRF-_o,JJv3ypRF-_o
793,2019年11月24日郭文贵先生马装助威香港公投选举议员,直播入口：https://livestream.com/accounts/27235681/events/8197481,2019-11-24,https://www.youtube.com/watch?v=facRqCH72qM,facRqCH72qM
794,11/26/2019 郭文贵先生与中国威胁论创始人比尔格兹先生直播,https://qrco.de/bbKact,2019-11-26,https://www.youtube.com/watch?v=eUXL3qIE_18,eUXL3qIE_18
798,2019年12月2日郭文贵先生LIVE STREAM直播：国内做好准备囤食物囤美金，保护好自己！,直播入口：https://livestream.com/accounts/27235681/events/8197481,2019-12-02,https://www.youtube.com/watch?v=WFO1APg5YT0,WFO1APg5YT0
800,2019年11月30日：文贵报平安视频·曾宏和赵岩是如何为小夏争风吃醋的！乱聊再乱聊，一切都是刚刚开始！,直播入口：https://livestream.com/accounts/27235681/events/8197481,2019-11-30,https://www.youtube.com/watch?v=ZojlLLokcGw,ZojlLLokcGw
801,11/29/2019 郭文贵先生直播,https://qrco.de/bbKact,2019-11-29,https://www.youtube.com/watch?v=2sZvnCsLbwQ,2sZvnCsLbwQ
804,11/27/2019 郭文贵先生直播,https://qrco.de/bbKact,2019-11-27,https://www.youtube.com/watch?v=YUsvLkyidZY,YUsvLkyidZY
807,11/27/2019郭文贵先生直播: 区选战只是开始！关注理工大学后续发展！,直播入口：https://livestream.com/accounts/27235681/events/8197481,2019-11-27,https://www.youtube.com/watch?v=VBfcoiHsc9U,VBfcoiHsc9U
808,12/03/2019 郭文贵先生直播,https://qrco.de/bbKact,2019-12-03,https://www.youtube.com/watch?v=bNOGAkOZ7dU,bNOGAkOZ7dU
809,2019年12月4日 郭文贵先生报平安谈香港律政司长郑若骅被绑架回京的经过,直播入口：https://livestream.com/accounts/27235681/events/8197481,2019-12-04,https://www.youtube.com/watch?v=as3IFJL2rf4,as3IFJL2rf4
813,爱听不听——人生没有如果 永远要带着一颗感恩的心 钢铁侠对话七哥郭文贵 第三期,2019年12月7日 北京时间22:30,2019-12-07,https://www.youtube.com/watch?v=qgZ_UYJh9iE,qgZ_UYJh9iE
822,2020年1月2日文贵报平安直播聊自己的人生和武汉的非典．文贵为战友终生戒吃牛肉！未完请进入GTV观看,直播入口：https://livestream.com/accounts/27235681/events/8197481,2020-01-02,https://www.youtube.com/watch?v=h5Mi5JyP2P0,h5Mi5JyP2P0
824,2020/1/4 郭文貴先生直播谈共产党不管你咋折腾，你完蛋了！海外会起诉各大CCP银行,尊敬的战友们好：这是文贵的手机号码：917-603-4056，大家可以通过加上这个号码的 Signal，WhatsApp，Telegram 或 iMessage 跟我联系，只接信息，不接电话，谢谢!,2020-01-04,https://www.youtube.com/watch?v=HyIug-bcnCs,HyIug-bcnCs
825,2020/1/5 郭文貴先生直播谈傅希秋是挂牌特务，艾未未，火鸡龚等海外欺民贼将被扫入历史的垃圾桶！中共平爆小组加大力度分化爆料革命！,尊敬的战友们好：这是文贵的手机号码：917-603-4056，大家可以通过加上这个号码的 Signal，WhatsApp，Telegram 或 iMessage 跟我联系，只接信息，不接电话，谢谢!,2020-01-05,https://www.youtube.com/watch?v=ZJljr-qb5vI,ZJljr-qb5vI
826,2020/1/6 郭文貴先生直播灭爆小组网络插红旗占山头全线失败，战友们的力量无限大！,尊敬的战友们好：这是文贵的手机号码：917-603-4056，大家可以通过加上这个号码的 Signal，WhatsApp，Telegram 或 iMessage 跟我联系，只接信息，不接电话，谢谢!,2020-01-06,https://www.youtube.com/watch?v=nQYNUJm2z1w,nQYNUJm2z1w
843,2020年1月18日郭先生直播谈刘鹤招待会删除预示了什么，爆料革命击中了中共的所有要害，中美贸易，新疆，香港，蛇鼠一窝无处逃蹿。第二期贸易协议更加艰难，灭共时间表不变,,2020-01-18,https://www.youtube.com/watch?v=tYFK5zlr8QQ,tYFK5zlr8QQ
828,2020年1月7日文贵报平安直播談CCP把中美貿易戰當成內鬥工具，華人要跳出中共的孤島現象，臺灣請選蔡英文,直播入口：https://livestream.com/accounts/27235681/events/8197481,2020-01-07,https://www.youtube.com/watch?v=UjZJnR33uqs,UjZJnR33uqs
830,2020年1月8日文贵向战友们分享在小飞机上吃鸡腿的视频,直播入口：https://livestream.com/accounts/27235681/events/8197481,2020-01-10,https://www.youtube.com/watch?v=82vXKvy2TeI,82vXKvy2TeI
833,2020年1月11日谈台湾大选为什么会大赢?为什么说蔡英文也可能遗臭万年?,直播入口：https://livestream.com/accounts/27235681/events/8197481,2020-01-12,https://www.youtube.com/watch?v=x2pbTJQlJPU,x2pbTJQlJPU
839,2020年1月17日  郭文貴先生直播  郭先生談中美貿易戰內幕 中美貿易協議為何一定是滑稽的結局?,直播入口：https://livestream.com/accounts/27235681/events/8197481,2020-01-18,https://www.youtube.com/watch?v=tfpi782VHFI,tfpi782VHFI
841,2020年 1月 20  郭文贵先生谈中国现在正在发生的非典的真相．以及分享西方人如何看待勤劳的中国人却如此多灾多难不受人尊重的原因,,2020-01-20,https://www.youtube.com/watch?v=V3E-rglOk3g,V3E-rglOk3g
842,1月19号惊天的新闻．中美协议是卖香港的交易。这就是中共所谓的外溢效应！,,2020-01-19,https://www.youtube.com/watch?v=8G4kZl4o6cU,8G4kZl4o6cU
844,1月22号文贵向战友报告，共产党新的4000隐士挑拨战友的灭爆计划．及最新的共产党的以中美贸易协议为借口的盗国行动。,,2020-01-22,https://www.youtube.com/watch?v=ms8A9k3h7ps,ms8A9k3h7ps
846,2020年1月23日   法治基金年會直播,"直播入口：https://livestream.com/accounts/27235681/events/8197481
尊敬的战友们好：这是文贵的手机号码：917-603-4056，大家可以通过加上这个号码的 Signal，WhatsApp，Telegram 或 iMessage 跟我联系，只接信息，不接电话，谢谢!
傳訊息規則: 爆料訊息以(料)字開頭，捐款訊息以(捐)字，香港訊息以(港)字，開頭新疆訊息以(疆)字開頭，西藏訊息以(藏)字開頭，台灣訊息以(台)字開頭，借錢、問好、索取戰裝戰帽的訊息一律不回復。",2020-01-24,https://www.youtube.com/watch?v=9XAQf_LxkZs,9XAQf_LxkZs
849,2020年1月25号大年初一文贵严肃负责任向战友及疫区同胞报告：武汉疫情绝对是人为不是天灾！,,2020-01-25,https://www.youtube.com/watch?v=GykL9-0KbHk,GykL9-0KbHk
855,2020年1月27日郭文贵先生谈科比意外死亡，呼吁中共在灾难面前，以人命为主，不要再玩政治,,2020-01-27,https://www.youtube.com/watch?v=aZ_PoTKN36Q,aZ_PoTKN36Q
857,2020年1月28日郭文贵先生直播谈WHO已经认错，CCP政府对疫情的对外传播必须承担责任,,2020-01-28,https://www.youtube.com/watch?v=jKjtyd20vds,jKjtyd20vds
860,2020年1月29日郭文贵先生直播谈CCP统治下的孤国孤市孤镇孤村，我们现在最重要的事情是迅速传播真相,,2020-01-29,https://www.youtube.com/watch?v=Z1mA3EM2VQQ,Z1mA3EM2VQQ
863,2020年1月30日郭文贵先生直播谈中南坑政治局常委有人会死，不死不会发生大事,,2020-01-30,https://www.youtube.com/watch?v=z78sg1ad14A,z78sg1ad14A
867,2020年1月31日郭文貴先生直播谈导致疫情扩大的真正原因是共产党隐瞒了疫情  我们要唯真不破传播武汉疫情真相,,2020-01-31,https://www.youtube.com/watch?v=vdMJ-WMWHVo,vdMJ-WMWHVo
871,2020年2月1日郭文贵先生谈无能共产党救灾不利，又拒绝国际救援，百姓何去何从，一起找书记,,2020-02-01,https://www.youtube.com/watch?v=rjmN65wQStU,rjmN65wQStU
873,2020年2月1日郭文贵先生第三次直播分享参加川普总统晚宴有感,,2020-02-01,https://www.youtube.com/watch?v=3Lz2NKbAfww,3Lz2NKbAfww
880,2020年2月3日郭文贵先生直播谈共产党官方一直掩盖武汉真相，栽赃美国和CIA制造了武汉病毒，美国人是否能觉醒,,2020-02-03,https://www.youtube.com/watch?v=haOnFnICt8E,haOnFnICt8E
889,2020年2月6日郭文贵先生接受班农先生战斗室采访，谈武汉疫情！,,2020-02-06,https://www.youtube.com/watch?v=vLSslHDuVug,vLSslHDuVug
893,2020年2月8日郭文贵先生第二次直播：由美国专家确定病毒非蝙蝠传播，而是来自武汉实验室人工制毒,,2020-02-08,https://www.youtube.com/watch?v=W1UdajLkHho,W1UdajLkHho
894,2020年2月8日郭文贵先生直播回答武汉疫情为何是中国共产党制造并释放出来的,,2020-02-08,https://www.youtube.com/watch?v=XusGkbsnw1g,XusGkbsnw1g
901,2020年2月10日郭文贵先生直播请战友们保存让你上班的证据，请大家行动起来！,,2020-02-10,https://www.youtube.com/watch?v=otpOgFTUCNw,otpOgFTUCNw
906,2020年2月12日郭文贵先生谈一切都听党走向火葬场，6月4号绝对是新中国建国日！,,2020-02-12,https://www.youtube.com/watch?v=o0kCRLTbyvU,o0kCRLTbyvU
912,2020年2月14日郭文贵先生试直播谈GTV的武汉疫情视频免费用，战友不树敌只为灭共！,,2020-02-14,https://www.youtube.com/watch?v=vx5aKRAIoKM,vx5aKRAIoKM
914,2020年2月15日郭文贵先生直播告诉战友们一定要耐心在家健身健心，会有解药的！CCP灭了车贷房贷不用还了！,,2020-02-15,https://www.youtube.com/watch?v=Z1DNmTc6ouA,Z1DNmTc6ouA
923,2020年2月18日郭文贵先生直播警醒同胞2月29日是武汉疫情的分水岭，别上班，躲深山!,,2020-02-18,https://www.youtube.com/watch?v=Jj_SSnsRwIc,Jj_SSnsRwIc
927,中英文字幕2020年2月20日郭文贵先生加入班农先生作战室在喜马拉雅大使馆直播,,2020-02-20,https://www.youtube.com/watch?v=Dpztt7c66NY,Dpztt7c66NY
929,2020年2月20日郭文贵先生直播再次提醒战友们同胞们2月29日是巨大的分水岭，呆家里莫上班！,,2020-02-20,https://www.youtube.com/watch?v=Vib20u3a-kY,Vib20u3a-kY
932,【中英雙語字幕】2020年2月20日战斗室21集郭文貴先生三入班農戰鬥室談疫情,,2020-02-21,https://www.youtube.com/watch?v=CnTbOC4eESA,CnTbOC4eESA
935,2020年2月21日郭文贵先生直播警示：北京人民医院感染众多！疫情大爆发还没真正开始，一切等2月29后再说！,,2020-02-21,https://www.youtube.com/watch?v=hPvVNcisb-c,hPvVNcisb-c
936,2020年2月22日郭文贵先生直播谈CCP要与世界玉石俱焚，法治基金发口罩准备解药救人,,2020-02-22,https://www.youtube.com/watch?v=ZlJTj1VXv6Y,ZlJTj1VXv6Y
942,【中英文字幕完整版】郭文贵先生2020年2月22日第三次参加班农战争室访谈（比尔格茨同时参与）,,2020-02-23,https://www.youtube.com/watch?v=fQ_MUbRUIWg,fQ_MUbRUIWg
955,2020年2月27日郭文贵先生直播谈王岐山今天站着出来握手，29号看中南坑究竟谁染上了！,,2020-02-27,https://www.youtube.com/watch?v=C2Rfzjb1RqA,C2Rfzjb1RqA
960,郭文贵中文直播 2020年2月29日共产党正在开始集体自焚，常委至少3人要死，即将修改郭七条,,2020-02-29,https://www.youtube.com/watch?v=gY2lo0RRGcg,gY2lo0RRGcg
968,郭文贵先生2020年3月3日突然车上直播谈17件大事正在发生中，请战友们自己查！,,2020-03-03,https://www.youtube.com/watch?v=zgcfy7Z20YY,zgcfy7Z20YY
972,2020年3月4日郭文贵先生直播等着看吧，全世界联合反击CCP！一切已经开始！,,2020-03-04,https://www.youtube.com/watch?v=aWKbpq0OGJ4,aWKbpq0OGJ4
982,2020年3月7日第一次直播谈CCP冠状病毒始于香港，必将终于香港！世界的爆发还没开始！,,2020-03-07,https://www.youtube.com/watch?v=-Jj3xdUNLKw,-Jj3xdUNLKw
986,2020年3月8日郭文贵先生直播谈世纪之战即将发生，CCP股市及欺民贼的末日，我们每一位战友都将见证历史（上）,,2020-03-08,https://www.youtube.com/watch?v=ecyNrziNfeo,ecyNrziNfeo
1014,2020年3月16日郭文贵先生直播谈参与爆料革命的战友们将来是世界上 最受尊敬的人,,2020-03-16,https://www.youtube.com/watch?v=ySkCJ-tvFCI,ySkCJ-tvFCI
996,2020年3月11日郭文贵先生船上直播谈未来3到5年能健康的活着是最幸福的事了,,2020-03-11,https://www.youtube.com/watch?v=rqipjb8WC0g,rqipjb8WC0g
1000,2020年3月12日郭文贵先生船上直播华尔街股市暴跌，世界资产重新分配（上）,,2020-03-12,https://www.youtube.com/watch?v=4aRTG2I-yZM,4aRTG2I-yZM
1003,2020年3月13日郭文贵先生船上直播分享美食，预告将在纽约时间周六早上谈病毒危害和世界经济如何重新分配,,2020-03-13,https://www.youtube.com/watch?v=lvbgYLxW9KA,lvbgYLxW9KA
1006,2020年3月14日郭文贵先生船上直播谈爆料革命面临着重要的选择，第三次世界大战？中美大战？九千万党员何去何从？郭七条一定会改，最坏的时刻从4月份开始,,2020-03-14,https://www.youtube.com/watch?v=l4nS-Jthjlo,l4nS-Jthjlo
1019,2020年3月18日郭文贵先生在纽约上州直播呼吁同胞不要被CCP的大外宣蒙骗，美国很快有大行动！,,2020-03-18,https://www.youtube.com/watch?v=BhPsLBXUO6M,BhPsLBXUO6M
1025,2020年3月21日郭文贵先生直播谈我们爱新疆人 决不允许维奸再次绑架新疆同胞！举报维奸！,,2020-03-21,https://www.youtube.com/watch?v=nkuPELe-AC8,nkuPELe-AC8
1026,2020年3月23日郭文贵先生直播警示好好活着，一年后再想着上班赚钱,,2020-03-23,https://www.youtube.com/watch?v=ipthyUlEtnA,ipthyUlEtnA
1029,2020年3月25日郭文贵先生直播警示9千万党员不要成为皇帝死前的陪葬，不要成为CCP灭亡前的第一个牺牲品！CCP会把中国的经济带回1989年以前！此时的世界面对的只有生和死！,,2020-03-25,https://www.youtube.com/watch?v=t23HN5tYoFo,t23HN5tYoFo
1038,2020年3月27日郭文贵先生测试GTV直播：一切美好再也回不到今天了,,2020-03-27,https://www.youtube.com/watch?v=sHw8EDSo22w,sHw8EDSo22w
1040,2020年3月28日郭文贵先生谈我们要在疫情中强大，在疫情中生存，在疫情中赚钱，疫情中成功！,,2020-03-28,https://www.youtube.com/watch?v=BNbHEfCfkA8,BNbHEfCfkA8
1044,2020年3月31日郭文贵先生直播谈亚洲耶路撒冷香港，喜马拉雅大使馆农场，GTV GNews GFasion，不接受染病的人,,2020-03-31,https://www.youtube.com/watch?v=RUHfNqkqthE,RUHfNqkqthE
1047,"2020年4月1日，文贵直播文贵为什么在3月31号要谈世界第二次大战．如何看待…Inty,庄列红．曾宏．天津大驴牙脸…的丑恶嘴脸！",,2020-04-01,https://www.youtube.com/watch?v=rJ8798H3hE0,rJ8798H3hE0
1049,2020年4月2日郭先生GTV视频直播提醒大家不要把战友逼成敌人。。。。,,2020-04-02,https://www.youtube.com/watch?v=YBlamhxouSg,YBlamhxouSg
1050,2020年4月2日郭文贵先生GTV直播：共产党员该考虑如何自救了,,2020-04-02,https://www.youtube.com/watch?v=8d4DmpEZMrg,8d4DmpEZMrg
1054,2020年4月3日郭先生视频直播——谈谈爆料革命与家人的关系和文贵最近的一些事情的感想。,,2020-04-04,https://www.youtube.com/watch?v=vPphvdlUAmM,vPphvdlUAmM
1055,2020年4月4日郭文贵先生直播谈CCP病毒让人类陷入巨大灾难，明年5月份前不可能解决，CCP必灭只是时间问题！,,2020-04-04,https://www.youtube.com/watch?v=sIRx8ln2P1I,sIRx8ln2P1I
1057,2020年4月5日郭文贵先生和SARA直播谈香港自贸区取消，战友们不要卷入CCP最近对爆料革命的舆论攻击,,2020-04-04,https://www.youtube.com/watch?v=Nv7eVCM0y2o,Nv7eVCM0y2o
1064,2020年4月6日郭文贵先生直播测试多方连线（路德、木兰、SARA）,,2020-04-06,https://www.youtube.com/watch?v=qZEuskVmo9s,qZEuskVmo9s
1066,2020年4月7日郭文贵先生直播谈战争已经开始，我们已经处在世界第三次战争中！,,2020-04-07,https://www.youtube.com/watch?v=BxqI4ywii_Y,BxqI4ywii_Y
1068,2020年4月9日郭先生GTV直播：上海首长驻地，已经升级为生化战争的警卫模式,,2020-04-09,https://www.youtube.com/watch?v=a9Q6r_HMDL0,a9Q6r_HMDL0
1069,2020年4月8日郭文贵先生GTV直播谈国内疫情,,2020-04-09,https://www.youtube.com/watch?v=RwrEVe1L5os,RwrEVe1L5os
